source_id,group,n,accepted,baseline_hits,optimized_hits,baseline_fp,optimized_fp,gained,lost
pool_logic_00,js,25,True,0,22,0,0,22,0
pool_logic_00,topk_continuous,25,True,0,9,0,0,9,0
pool_logic_00,raw_logit_l2,25,True,0,15,0,0,15,0
pool_math_00,js,25,True,10,12,0,0,2,0
pool_math_00,topk_continuous,25,True,10,9,0,0,0,1
pool_math_00,raw_logit_l2,25,False,10,10,0,0,0,0
pool_extract_00,js,25,True,0,28,0,0,28,0
pool_extract_00,topk_continuous,25,True,0,27,0,0,27,0
pool_extract_00,raw_logit_l2,25,False,0,0,0,0,0,0
pool_class_00,js,25,False,19,19,0,0,0,0
pool_class_00,topk_continuous,25,False,19,19,0,0,0,0
pool_class_00,raw_logit_l2,25,False,19,19,0,0,0,0
pool_logic_01,js,25,True,5,8,0,1,4,1
pool_logic_01,topk_continuous,25,True,5,14,0,0,11,2
pool_logic_01,raw_logit_l2,25,False,5,5,0,0,0,0
pool_math_01,js,25,False,33,33,1,1,0,0
pool_math_01,topk_continuous,25,False,33,33,1,1,0,0
pool_math_01,raw_logit_l2,25,False,33,33,1,1,0,0
pool_extract_01,js,25,True,3,29,0,0,27,1
pool_extract_01,topk_continuous,25,True,3,26,0,0,24,1
pool_extract_01,raw_logit_l2,25,False,3,3,0,0,0,0
pool_class_01,js,25,True,17,22,0,0,7,2
pool_class_01,topk_continuous,25,False,17,17,0,0,0,0
pool_class_01,raw_logit_l2,25,False,17,17,0,0,0,0
pool_logic_02,js,25,False,11,11,0,0,0,0
pool_logic_02,topk_continuous,25,True,11,7,0,0,5,9
pool_logic_02,raw_logit_l2,25,True,11,8,0,0,4,7
pool_math_02,js,25,True,0,11,0,0,11,0
pool_math_02,topk_continuous,25,True,0,8,0,1,8,0
pool_math_02,raw_logit_l2,25,True,0,15,0,0,15,0
pool_extract_02,js,25,True,2,33,0,0,32,1
pool_extract_02,topk_continuous,25,True,2,16,0,0,16,2
pool_extract_02,raw_logit_l2,25,True,2,1,0,0,1,2
pool_class_02,js,25,False,18,18,0,0,0,0
pool_class_02,topk_continuous,25,True,18,21,0,0,6,3
pool_class_02,raw_logit_l2,25,True,18,17,0,1,4,5
pool_logic_03,js,25,True,27,29,0,0,7,5
pool_logic_03,topk_continuous,25,True,27,15,0,0,1,13
pool_logic_03,raw_logit_l2,25,True,27,17,0,0,5,15
pool_math_03,js,25,True,2,24,0,0,22,0
pool_math_03,topk_continuous,25,True,2,2,0,0,1,1
pool_math_03,raw_logit_l2,25,False,2,2,0,0,0,0
pool_extract_03,js,25,True,1,28,0,0,27,0
pool_extract_03,topk_continuous,25,True,1,16,0,0,15,0
pool_extract_03,raw_logit_l2,25,False,1,1,0,0,0,0
pool_class_03,js,25,False,18,18,0,0,0,0
pool_class_03,topk_continuous,25,False,18,18,0,0,0,0
pool_class_03,raw_logit_l2,25,False,18,18,0,0,0,0
pool_logic_04,js,25,True,14,13,0,1,7,8
pool_logic_04,topk_continuous,25,True,14,15,0,0,10,9
pool_logic_04,raw_logit_l2,25,False,14,14,0,0,0,0
pool_math_04,js,25,False,20,20,0,0,0,0
pool_math_04,topk_continuous,25,False,20,20,0,0,0,0
pool_math_04,raw_logit_l2,25,False,20,20,0,0,0,0
pool_extract_04,js,25,True,3,24,0,0,24,3
pool_extract_04,topk_continuous,25,True,3,17,0,0,17,3
pool_extract_04,raw_logit_l2,25,False,3,3,0,0,0,0
pool_class_04,js,25,True,22,18,0,0,2,6
pool_class_04,topk_continuous,25,True,22,27,0,0,6,1
pool_class_04,raw_logit_l2,25,True,22,15,0,0,0,7
pool_logic_00,js,50,True,2,28,0,0,26,0
pool_logic_00,topk_continuous,50,True,2,14,0,0,13,1
pool_logic_00,raw_logit_l2,50,True,2,17,0,0,15,0
pool_math_00,js,50,True,10,12,0,0,2,0
pool_math_00,topk_continuous,50,True,10,10,0,0,1,1
pool_math_00,raw_logit_l2,50,False,10,10,0,0,0,0
pool_extract_00,js,50,True,0,30,0,0,30,0
pool_extract_00,topk_continuous,50,True,0,28,0,0,28,0
pool_extract_00,raw_logit_l2,50,False,0,0,0,0,0,0
pool_class_00,js,50,False,29,29,0,0,0,0
pool_class_00,topk_continuous,50,False,29,29,0,0,0,0
pool_class_00,raw_logit_l2,50,False,29,29,0,0,0,0
pool_logic_01,js,50,True,3,19,0,0,16,0
pool_logic_01,topk_continuous,50,True,3,26,0,1,25,2
pool_logic_01,raw_logit_l2,50,False,3,3,0,0,0,0
pool_math_01,js,50,False,37,37,0,0,0,0
pool_math_01,topk_continuous,50,False,37,37,0,0,0,0
pool_math_01,raw_logit_l2,50,False,37,37,0,0,0,0
pool_extract_01,js,50,True,3,31,0,0,29,1
pool_extract_01,topk_continuous,50,True,3,30,0,0,28,1
pool_extract_01,raw_logit_l2,50,False,3,3,0,0,0,0
pool_class_01,js,50,True,22,30,0,0,9,1
pool_class_01,topk_continuous,50,False,22,22,0,0,0,0
pool_class_01,raw_logit_l2,50,False,22,22,0,0,0,0
pool_logic_02,js,50,False,20,20,0,0,0,0
pool_logic_02,topk_continuous,50,True,20,11,0,0,3,12
pool_logic_02,raw_logit_l2,50,True,20,13,0,0,4,11
pool_math_02,js,50,True,0,19,0,0,19,0
pool_math_02,topk_continuous,50,True,0,24,0,1,24,0
pool_math_02,raw_logit_l2,50,True,0,15,0,0,15,0
pool_extract_02,js,50,True,2,31,0,0,30,1
pool_extract_02,topk_continuous,50,True,2,17,0,0,17,2
pool_extract_02,raw_logit_l2,50,True,2,1,0,0,1,2
pool_class_02,js,50,False,23,23,0,0,0,0
pool_class_02,topk_continuous,50,True,23,27,0,0,7,3
pool_class_02,raw_logit_l2,50,True,23,20,0,0,2,5
pool_logic_03,js,50,True,32,32,0,0,4,4
pool_logic_03,topk_continuous,50,True,32,22,0,0,2,12
pool_logic_03,raw_logit_l2,50,True,32,25,0,0,2,9
pool_math_03,js,50,True,2,32,0,0,30,0
pool_math_03,topk_continuous,50,True,2,2,0,0,1,1
pool_math_03,raw_logit_l2,50,False,2,2,0,0,0,0
pool_extract_03,js,50,True,2,32,0,0,31,1
pool_extract_03,topk_continuous,50,True,2,17,0,0,16,1
pool_extract_03,raw_logit_l2,50,False,2,2,0,0,0,0
pool_class_03,js,50,False,26,26,0,0,0,0
pool_class_03,topk_continuous,50,False,26,26,0,0,0,0
pool_class_03,raw_logit_l2,50,False,26,26,0,0,0,0
pool_logic_04,js,50,True,24,25,0,0,8,7
pool_logic_04,topk_continuous,50,True,24,29,0,0,9,4
pool_logic_04,raw_logit_l2,50,False,24,24,0,0,0,0
pool_math_04,js,50,False,21,21,0,0,0,0
pool_math_04,topk_continuous,50,False,21,21,0,0,0,0
pool_math_04,raw_logit_l2,50,False,21,21,0,0,0,0
pool_extract_04,js,50,True,5,30,0,0,30,5
pool_extract_04,topk_continuous,50,True,5,17,0,0,17,5
pool_extract_04,raw_logit_l2,50,False,5,5,0,0,0,0
pool_class_04,js,50,True,30,32,0,0,5,3
pool_class_04,topk_continuous,50,True,30,32,0,0,5,3
pool_class_04,raw_logit_l2,50,True,30,22,0,0,4,12
pool_logic_00,js,100,True,12,34,0,0,24,2
pool_logic_00,topk_continuous,100,True,12,31,0,0,21,2
pool_logic_00,raw_logit_l2,100,True,12,20,0,0,13,5
pool_math_00,js,100,True,10,12,0,0,2,0
pool_math_00,topk_continuous,100,True,10,10,0,0,1,1
pool_math_00,raw_logit_l2,100,False,10,10,0,0,0,0
pool_extract_00,js,100,True,0,39,0,0,39,0
pool_extract_00,topk_continuous,100,True,0,28,0,0,28,0
pool_extract_00,raw_logit_l2,100,False,0,0,0,0,0,0
pool_class_00,js,100,False,37,37,0,0,0,0
pool_class_00,topk_continuous,100,False,37,37,0,0,0,0
pool_class_00,raw_logit_l2,100,False,37,37,0,0,0,0
pool_logic_01,js,100,True,5,25,0,0,20,0
pool_logic_01,topk_continuous,100,True,5,36,0,0,31,0
pool_logic_01,raw_logit_l2,100,False,5,5,0,0,0,0
pool_math_01,js,100,False,39,39,0,0,0,0
pool_math_01,topk_continuous,100,False,39,39,0,0,0,0
pool_math_01,raw_logit_l2,100,False,39,39,0,0,0,0
pool_extract_01,js,100,True,3,38,0,0,35,0
pool_extract_01,topk_continuous,100,True,3,39,0,0,36,0
pool_extract_01,raw_logit_l2,100,False,3,3,0,0,0,0
pool_class_01,js,100,True,32,36,0,0,6,2
pool_class_01,topk_continuous,100,False,32,32,0,0,0,0
pool_class_01,raw_logit_l2,100,False,32,32,0,0,0,0
pool_logic_02,js,100,False,28,28,1,1,0,0
pool_logic_02,topk_continuous,100,True,28,22,1,0,3,9
pool_logic_02,raw_logit_l2,100,True,28,22,1,0,4,10
pool_math_02,js,100,True,0,32,0,0,32,0
pool_math_02,topk_continuous,100,True,0,33,0,1,33,0
pool_math_02,raw_logit_l2,100,True,0,15,0,0,15,0
pool_extract_02,js,100,True,36,33,0,1,2,5
pool_extract_02,topk_continuous,100,True,36,20,0,0,0,16
pool_extract_02,raw_logit_l2,100,True,36,1,0,0,0,35
pool_class_02,js,100,False,31,31,0,0,0,0
pool_class_02,topk_continuous,100,True,31,36,0,0,6,1
pool_class_02,raw_logit_l2,100,True,31,30,0,0,5,6
pool_logic_03,js,100,True,35,36,0,0,5,4
pool_logic_03,topk_continuous,100,True,35,33,0,0,4,6
pool_logic_03,raw_logit_l2,100,True,35,33,0,0,3,5
pool_math_03,js,100,True,2,36,0,1,34,0
pool_math_03,topk_continuous,100,True,2,2,0,0,1,1
pool_math_03,raw_logit_l2,100,False,2,2,0,0,0,0
pool_extract_03,js,100,True,3,36,0,0,33,0
pool_extract_03,topk_continuous,100,True,3,17,0,0,16,2
pool_extract_03,raw_logit_l2,100,False,3,3,0,0,0,0
pool_class_03,js,100,False,33,33,0,0,0,0
pool_class_03,topk_continuous,100,False,33,33,0,0,0,0
pool_class_03,raw_logit_l2,100,False,33,33,0,0,0,0
pool_logic_04,js,100,True,35,35,0,0,2,2
pool_logic_04,topk_continuous,100,True,35,38,0,1,5,2
pool_logic_04,raw_logit_l2,100,False,35,35,0,0,0,0
pool_math_04,js,100,False,21,21,0,0,0,0
pool_math_04,topk_continuous,100,False,21,21,0,0,0,0
pool_math_04,raw_logit_l2,100,False,21,21,0,0,0,0
pool_extract_04,js,100,True,7,38,0,0,33,2
pool_extract_04,topk_continuous,100,True,7,19,0,0,19,7
pool_extract_04,raw_logit_l2,100,False,7,7,0,0,0,0
pool_class_04,js,100,True,35,40,0,0,5,0
pool_class_04,topk_continuous,100,True,35,36,0,0,4,3
pool_class_04,raw_logit_l2,100,True,35,34,0,0,4,5
