group,kind,replicate,m,n,budget,sources,prompt_ids,hits,false_alarms,tpr,fpr,meets_target,strict,alarms,actual_queries,attack_groups
ordinary,ranked,0,1,25,25,['pool_math_01'],['pool_math_01'],33,1,0.825,0.05,False,False,"[False, False, True, False, False, False, False, False, False, False, False, False, False, False, False, False, False, False, False, False, True, False, True, True, True, True, True, False, False, True, True, True, True, True, True, True, True, True, False, True, True, False, False, False, True, True, True, True, True, True, True, True, True, True, True, True, True, True, True, True]","[25, 25, 25, 25, 25, 25, 25, 25, 25, 25, 25, 25, 25, 25, 25, 25, 25, 25, 25, 25, 25, 25, 1, 25, 25, 1, 25, 25, 25, 25, 25, 1, 3, 25, 25, 25, 9, 25, 25, 1, 25, 25, 25, 25, 25, 25, 25, 25, 5, 25, 25, 25, 7, 25, 25, 25, 25, 25, 25, 25]","{'gaussian_noise:0.001': 4, 'gaussian_noise:0.0025': 3, 'gaussian_noise:0.004': 5, 'gaussian_noise:0.006': 4, 'finetuning:5': 2, 'finetuning:10': 5, 'finetuning:20': 5, 'finetuning:40': 5}"
js,ranked,0,1,25,25,['pool_extract_00'],['s_22bc8ba6beb0cbeb'],28,0,0.7,0.0,False,False,"[False, False, False, False, False, False, False, False, False, False, False, False, False, False, False, False, False, False, False, False, False, False, False, True, False, True, False, True, False, False, True, True, True, False, True, False, True, False, False, True, True, True, True, False, True, True, True, True, True, True, True, True, True, True, True, True, True, True, True, True]","[25, 25, 25, 25, 25, 25, 25, 25, 25, 25, 25, 25, 25, 25, 25, 25, 25, 25, 25, 25, 25, 25, 25, 25, 25, 2, 25, 2, 25, 25, 22, 5, 1, 25, 25, 25, 17, 25, 25, 4, 1, 1, 25, 25, 1, 1, 1, 9, 1, 4, 1, 1, 1, 1, 1, 1, 1, 1, 1, 1]","{'gaussian_noise:0.001': 1, 'gaussian_noise:0.0025': 2, 'gaussian_noise:0.004': 4, 'gaussian_noise:0.006': 2, 'finetuning:5': 4, 'finetuning:10': 5, 'finetuning:20': 5, 'finetuning:40': 5}"
topk_continuous,ranked,0,1,25,25,['pool_extract_00'],['s_6893907caa05f8e6'],27,0,0.675,0.0,False,False,"[False, False, False, False, False, False, False, False, False, False, False, False, False, False, False, False, False, False, False, False, False, True, False, False, False, True, False, False, True, False, False, True, True, True, True, True, True, False, True, False, True, True, False, False, True, True, True, False, True, True, True, True, True, True, True, True, True, True, True, True]","[25, 25, 25, 25, 25, 25, 25, 25, 25, 25, 25, 25, 25, 25, 25, 25, 25, 25, 25, 25, 25, 22, 25, 25, 25, 1, 25, 25, 9, 25, 25, 4, 3, 1, 9, 1, 1, 25, 4, 25, 11, 5, 25, 25, 2, 1, 1, 25, 1, 15, 2, 1, 1, 1, 1, 1, 1, 1, 1, 1]","{'gaussian_noise:0.001': 1, 'gaussian_noise:0.0025': 2, 'gaussian_noise:0.004': 4, 'gaussian_noise:0.006': 3, 'finetuning:5': 3, 'finetuning:10': 4, 'finetuning:20': 5, 'finetuning:40': 5}"
raw_logit_l2,ranked,0,1,25,25,['pool_math_01'],['pool_math_01'],33,1,0.825,0.05,False,False,"[False, False, True, False, False, False, False, False, False, False, False, False, False, False, False, False, False, False, False, False, True, False, True, True, True, True, True, False, False, True, True, True, True, True, True, True, True, True, False, True, True, False, False, False, True, True, True, True, True, True, True, True, True, True, True, True, True, True, True, True]","[25, 25, 25, 25, 25, 25, 25, 25, 25, 25, 25, 25, 25, 25, 25, 25, 25, 25, 25, 25, 25, 25, 1, 25, 25, 1, 25, 25, 25, 25, 25, 1, 3, 25, 25, 25, 9, 25, 25, 1, 25, 25, 25, 25, 25, 25, 25, 25, 5, 25, 25, 25, 7, 25, 25, 25, 25, 25, 25, 25]","{'gaussian_noise:0.001': 4, 'gaussian_noise:0.0025': 3, 'gaussian_noise:0.004': 5, 'gaussian_noise:0.006': 4, 'finetuning:5': 2, 'finetuning:10': 5, 'finetuning:20': 5, 'finetuning:40': 5}"
ordinary,ranked,0,1,50,50,['pool_math_01'],['pool_math_01'],37,0,0.925,0.0,False,False,"[False, False, False, False, False, False, False, False, False, False, False, False, False, False, False, False, False, False, False, False, True, False, True, True, True, True, True, True, True, True, True, True, True, True, True, True, True, True, True, True, True, False, True, False, True, True, True, True, True, True, True, True, True, True, True, True, True, True, True, True]","[50, 50, 50, 50, 50, 50, 50, 50, 50, 50, 50, 50, 50, 50, 50, 50, 50, 50, 50, 50, 50, 50, 1, 50, 50, 1, 25, 50, 50, 50, 50, 1, 3, 50, 50, 50, 9, 50, 50, 1, 50, 50, 50, 50, 50, 50, 50, 50, 5, 50, 50, 50, 7, 50, 50, 50, 50, 50, 38, 50]","{'gaussian_noise:0.001': 4, 'gaussian_noise:0.0025': 5, 'gaussian_noise:0.004': 5, 'gaussian_noise:0.006': 5, 'finetuning:5': 3, 'finetuning:10': 5, 'finetuning:20': 5, 'finetuning:40': 5}"
js,ranked,0,1,50,50,['pool_extract_00'],['s_22bc8ba6beb0cbeb'],30,0,0.75,0.0,False,False,"[False, False, False, False, False, False, False, False, False, False, False, False, False, False, False, False, False, False, False, False, False, False, False, True, False, True, False, True, False, False, True, True, True, False, True, True, True, False, True, True, True, True, True, False, True, True, True, True, True, True, True, True, True, True, True, True, True, True, True, True]","[50, 50, 50, 50, 50, 50, 50, 50, 50, 50, 50, 50, 50, 50, 50, 50, 50, 50, 50, 50, 50, 50, 50, 50, 50, 2, 50, 2, 50, 50, 22, 5, 1, 50, 50, 50, 17, 50, 50, 4, 1, 1, 50, 50, 1, 1, 1, 9, 1, 4, 1, 1, 1, 1, 1, 1, 1, 1, 1, 1]","{'gaussian_noise:0.001': 1, 'gaussian_noise:0.0025': 2, 'gaussian_noise:0.004': 4, 'gaussian_noise:0.006': 4, 'finetuning:5': 4, 'finetuning:10': 5, 'finetuning:20': 5, 'finetuning:40': 5}"
topk_continuous,ranked,0,1,50,50,['pool_extract_00'],['s_6893907caa05f8e6'],28,0,0.7,0.0,False,False,"[False, False, False, False, False, False, False, False, False, False, False, False, False, False, False, False, False, False, False, False, False, True, False, False, False, True, False, False, True, False, False, True, True, True, True, True, True, False, True, False, True, True, False, False, True, True, True, True, True, True, True, True, True, True, True, True, True, True, True, True]","[50, 50, 50, 50, 50, 50, 50, 50, 50, 50, 50, 50, 50, 50, 50, 50, 50, 50, 50, 50, 50, 22, 50, 50, 50, 1, 50, 50, 9, 50, 50, 4, 3, 1, 9, 1, 1, 50, 4, 50, 11, 5, 50, 50, 2, 1, 1, 26, 1, 15, 2, 1, 1, 1, 1, 1, 1, 1, 1, 1]","{'gaussian_noise:0.001': 1, 'gaussian_noise:0.0025': 2, 'gaussian_noise:0.004': 4, 'gaussian_noise:0.006': 3, 'finetuning:5': 3, 'finetuning:10': 5, 'finetuning:20': 5, 'finetuning:40': 5}"
raw_logit_l2,ranked,0,1,50,50,['pool_math_01'],['pool_math_01'],37,0,0.925,0.0,False,False,"[False, False, False, False, False, False, False, False, False, False, False, False, False, False, False, False, False, False, False, False, True, False, True, True, True, True, True, True, True, True, True, True, True, True, True, True, True, True, True, True, True, False, True, False, True, True, True, True, True, True, True, True, True, True, True, True, True, True, True, True]","[50, 50, 50, 50, 50, 50, 50, 50, 50, 50, 50, 50, 50, 50, 50, 50, 50, 50, 50, 50, 50, 50, 1, 50, 50, 1, 25, 50, 50, 50, 50, 1, 3, 50, 50, 50, 9, 50, 50, 1, 50, 50, 50, 50, 50, 50, 50, 50, 5, 50, 50, 50, 7, 50, 50, 50, 50, 50, 38, 50]","{'gaussian_noise:0.001': 4, 'gaussian_noise:0.0025': 5, 'gaussian_noise:0.004': 5, 'gaussian_noise:0.006': 5, 'finetuning:5': 3, 'finetuning:10': 5, 'finetuning:20': 5, 'finetuning:40': 5}"
ordinary,ranked,0,1,100,100,['pool_math_01'],['pool_math_01'],39,0,0.975,0.0,True,False,"[False, False, False, False, False, False, False, False, False, False, False, False, False, False, False, False, False, False, False, False, True, True, True, True, True, True, True, True, True, True, True, True, True, True, True, True, True, True, True, True, True, True, True, False, True, True, True, True, True, True, True, True, True, True, True, True, True, True, True, True]","[100, 100, 100, 100, 100, 100, 100, 100, 100, 100, 100, 100, 100, 100, 100, 100, 100, 100, 100, 100, 100, 100, 1, 100, 100, 1, 25, 100, 100, 100, 100, 1, 3, 100, 100, 100, 9, 100, 100, 1, 100, 100, 100, 100, 100, 100, 100, 100, 5, 100, 100, 100, 7, 100, 100, 100, 100, 100, 38, 100]","{'gaussian_noise:0.001': 5, 'gaussian_noise:0.0025': 5, 'gaussian_noise:0.004': 5, 'gaussian_noise:0.006': 5, 'finetuning:5': 4, 'finetuning:10': 5, 'finetuning:20': 5, 'finetuning:40': 5}"
js,ranked,0,1,100,100,['pool_extract_00'],['s_22bc8ba6beb0cbeb'],39,0,0.975,0.0,True,False,"[False, False, False, False, False, False, False, False, False, False, False, False, False, False, False, False, False, False, False, False, True, True, True, True, True, True, False, True, True, True, True, True, True, True, True, True, True, True, True, True, True, True, True, True, True, True, True, True, True, True, True, True, True, True, True, True, True, True, True, True]","[100, 100, 100, 100, 100, 100, 100, 100, 100, 100, 100, 100, 100, 100, 100, 100, 100, 100, 100, 100, 100, 100, 100, 100, 100, 2, 100, 2, 100, 100, 22, 5, 1, 100, 100, 100, 17, 100, 57, 4, 1, 1, 100, 100, 1, 1, 1, 9, 1, 4, 1, 1, 1, 1, 1, 1, 1, 1, 1, 1]","{'gaussian_noise:0.001': 5, 'gaussian_noise:0.0025': 4, 'gaussian_noise:0.004': 5, 'gaussian_noise:0.006': 5, 'finetuning:5': 5, 'finetuning:10': 5, 'finetuning:20': 5, 'finetuning:40': 5}"
topk_continuous,ranked,0,1,100,100,['pool_extract_00'],['s_6893907caa05f8e6'],28,0,0.7,0.0,False,False,"[False, False, False, False, False, False, False, False, False, False, False, False, False, False, False, False, False, False, False, False, False, True, False, False, False, True, False, False, True, False, False, True, True, True, True, True, True, False, True, False, True, True, False, False, True, True, True, True, True, True, True, True, True, True, True, True, True, True, True, True]","[100, 100, 100, 100, 100, 100, 100, 100, 100, 100, 100, 100, 100, 100, 100, 100, 100, 100, 100, 100, 100, 22, 100, 100, 100, 1, 100, 100, 9, 100, 100, 4, 3, 1, 9, 1, 1, 100, 4, 100, 11, 5, 100, 100, 2, 1, 1, 26, 1, 15, 2, 1, 1, 1, 1, 1, 1, 1, 1, 1]","{'gaussian_noise:0.001': 1, 'gaussian_noise:0.0025': 2, 'gaussian_noise:0.004': 4, 'gaussian_noise:0.006': 3, 'finetuning:5': 3, 'finetuning:10': 5, 'finetuning:20': 5, 'finetuning:40': 5}"
raw_logit_l2,ranked,0,1,100,100,['pool_math_01'],['pool_math_01'],39,0,0.975,0.0,True,False,"[False, False, False, False, False, False, False, False, False, False, False, False, False, False, False, False, False, False, False, False, True, True, True, True, True, True, True, True, True, True, True, True, True, True, True, True, True, True, True, True, True, True, True, False, True, True, True, True, True, True, True, True, True, True, True, True, True, True, True, True]","[100, 100, 100, 100, 100, 100, 100, 100, 100, 100, 100, 100, 100, 100, 100, 100, 100, 100, 100, 100, 100, 100, 1, 100, 100, 1, 25, 100, 100, 100, 100, 1, 3, 100, 100, 100, 9, 100, 100, 1, 100, 100, 100, 100, 100, 100, 100, 100, 5, 100, 100, 100, 7, 100, 100, 100, 100, 100, 38, 100]","{'gaussian_noise:0.001': 5, 'gaussian_noise:0.0025': 5, 'gaussian_noise:0.004': 5, 'gaussian_noise:0.006': 5, 'finetuning:5': 4, 'finetuning:10': 5, 'finetuning:20': 5, 'finetuning:40': 5}"
ordinary,ranked,0,2,25,50,"['pool_math_01', 'pool_logic_02']","['pool_math_01', 'pool_logic_02']",32,1,0.8,0.05,False,False,"[False, False, True, False, False, False, False, False, False, False, False, False, False, False, False, False, False, False, False, False, True, False, True, False, True, True, True, False, False, True, True, True, True, True, True, True, True, True, False, True, True, False, False, False, True, True, True, True, True, True, True, True, True, True, True, True, True, True, True, True]","[50, 50, 25, 50, 50, 50, 50, 50, 50, 50, 50, 50, 50, 50, 50, 50, 50, 50, 50, 50, 25, 50, 1, 50, 25, 1, 25, 50, 50, 25, 25, 1, 3, 25, 25, 25, 9, 25, 50, 1, 25, 50, 50, 50, 25, 25, 25, 25, 5, 25, 25, 25, 7, 25, 25, 25, 25, 25, 25, 25]","{'gaussian_noise:0.001': 3, 'gaussian_noise:0.0025': 3, 'gaussian_noise:0.004': 5, 'gaussian_noise:0.006': 4, 'finetuning:5': 2, 'finetuning:10': 5, 'finetuning:20': 5, 'finetuning:40': 5}"
js,ranked,0,2,25,50,"['pool_extract_00', 'pool_extract_01']","['s_22bc8ba6beb0cbeb', 's_ca6e6de6f0521a05']",32,0,0.8,0.0,False,False,"[False, False, False, False, False, False, False, False, False, False, False, False, False, False, False, False, False, False, False, False, True, False, False, True, False, True, False, True, False, False, True, True, True, True, True, False, True, True, True, True, True, True, True, False, True, True, True, True, True, True, True, True, True, True, True, True, True, True, True, True]","[50, 50, 50, 50, 50, 50, 50, 50, 50, 50, 50, 50, 50, 50, 50, 50, 50, 50, 50, 50, 50, 50, 50, 25, 50, 2, 50, 2, 50, 50, 22, 5, 1, 50, 25, 50, 17, 50, 38, 4, 1, 1, 25, 50, 1, 1, 1, 9, 1, 4, 1, 1, 1, 1, 1, 1, 1, 1, 1, 1]","{'gaussian_noise:0.001': 2, 'gaussian_noise:0.0025': 2, 'gaussian_noise:0.004': 5, 'gaussian_noise:0.006': 4, 'finetuning:5': 4, 'finetuning:10': 5, 'finetuning:20': 5, 'finetuning:40': 5}"
topk_continuous,ranked,0,2,25,50,"['pool_extract_00', 'pool_extract_01']","['s_6893907caa05f8e6', 's_75f0c0053281dcd7']",32,0,0.8,0.0,False,False,"[False, False, False, False, False, False, False, False, False, False, False, False, False, False, False, False, False, False, False, False, False, True, False, False, False, True, False, False, True, False, True, True, True, True, True, True, True, True, True, True, True, True, True, False, True, True, True, True, True, True, True, True, True, True, True, True, True, True, True, True]","[50, 50, 50, 50, 50, 50, 50, 50, 50, 50, 50, 50, 50, 50, 50, 50, 50, 50, 50, 50, 50, 22, 50, 50, 50, 1, 50, 50, 9, 50, 35, 4, 3, 1, 9, 1, 1, 41, 4, 47, 11, 5, 32, 50, 2, 1, 1, 28, 1, 15, 2, 1, 1, 1, 1, 1, 1, 1, 1, 1]","{'gaussian_noise:0.001': 1, 'gaussian_noise:0.0025': 2, 'gaussian_noise:0.004': 5, 'gaussian_noise:0.006': 5, 'finetuning:5': 4, 'finetuning:10': 5, 'finetuning:20': 5, 'finetuning:40': 5}"
raw_logit_l2,ranked,0,2,25,50,"['pool_math_01', 'pool_logic_04']","['pool_math_01', 'pool_logic_04']",34,1,0.85,0.05,False,False,"[False, False, True, False, False, False, False, False, False, False, False, False, False, False, False, False, False, False, False, False, True, False, True, False, True, True, True, False, False, True, True, True, True, True, True, True, True, True, False, True, True, True, False, True, True, True, True, True, True, True, True, True, True, True, True, True, True, True, True, True]","[50, 50, 25, 50, 50, 50, 50, 50, 50, 50, 50, 50, 50, 50, 50, 50, 50, 50, 50, 50, 25, 50, 1, 50, 25, 1, 25, 50, 50, 25, 25, 1, 3, 25, 25, 25, 9, 25, 50, 1, 25, 50, 50, 50, 25, 25, 25, 25, 5, 25, 25, 25, 7, 25, 25, 25, 25, 25, 25, 25]","{'gaussian_noise:0.001': 3, 'gaussian_noise:0.0025': 3, 'gaussian_noise:0.004': 5, 'gaussian_noise:0.006': 4, 'finetuning:5': 4, 'finetuning:10': 5, 'finetuning:20': 5, 'finetuning:40': 5}"
ordinary,ranked,0,2,50,100,"['pool_math_01', 'pool_logic_02']","['pool_math_01', 'pool_logic_02']",37,0,0.925,0.0,False,False,"[False, False, False, False, False, False, False, False, False, False, False, False, False, False, False, False, False, False, False, False, True, True, True, True, True, True, True, False, True, True, True, True, True, True, True, True, True, True, True, True, True, False, True, False, True, True, True, True, True, True, True, True, True, True, True, True, True, True, True, True]","[100, 100, 100, 100, 100, 100, 100, 100, 100, 100, 100, 100, 100, 100, 100, 100, 100, 100, 100, 100, 50, 100, 1, 50, 50, 1, 25, 100, 50, 50, 50, 1, 3, 50, 50, 50, 9, 50, 50, 1, 50, 100, 50, 100, 50, 50, 50, 50, 5, 50, 50, 50, 7, 50, 50, 50, 50, 50, 38, 50]","{'gaussian_noise:0.001': 5, 'gaussian_noise:0.0025': 4, 'gaussian_noise:0.004': 5, 'gaussian_noise:0.006': 5, 'finetuning:5': 3, 'finetuning:10': 5, 'finetuning:20': 5, 'finetuning:40': 5}"
js,ranked,0,2,50,100,"['pool_extract_00', 'pool_extract_01']","['s_22bc8ba6beb0cbeb', 's_ca6e6de6f0521a05']",34,0,0.85,0.0,False,False,"[False, False, False, False, False, False, False, False, False, False, False, False, False, False, False, False, False, False, False, False, False, False, False, True, True, True, False, True, True, False, True, True, True, True, True, True, True, True, True, True, True, True, True, False, True, True, True, True, True, True, True, True, True, True, True, True, True, True, True, True]","[100, 100, 100, 100, 100, 100, 100, 100, 100, 100, 100, 100, 100, 100, 100, 100, 100, 100, 100, 100, 100, 100, 100, 50, 100, 2, 100, 2, 100, 100, 22, 5, 1, 100, 50, 50, 17, 100, 50, 4, 1, 1, 50, 100, 1, 1, 1, 9, 1, 4, 1, 1, 1, 1, 1, 1, 1, 1, 1, 1]","{'gaussian_noise:0.001': 2, 'gaussian_noise:0.0025': 3, 'gaussian_noise:0.004': 5, 'gaussian_noise:0.006': 5, 'finetuning:5': 4, 'finetuning:10': 5, 'finetuning:20': 5, 'finetuning:40': 5}"
topk_continuous,ranked,0,2,50,100,"['pool_extract_00', 'pool_extract_01']","['s_6893907caa05f8e6', 's_75f0c0053281dcd7']",33,0,0.825,0.0,False,False,"[False, False, False, False, False, False, False, False, False, False, False, False, False, False, False, False, False, False, False, False, False, True, False, False, False, True, False, True, True, False, True, True, True, True, True, True, True, True, True, True, True, True, True, False, True, True, True, True, True, True, True, True, True, True, True, True, True, True, True, True]","[100, 100, 100, 100, 100, 100, 100, 100, 100, 100, 100, 100, 100, 100, 100, 100, 100, 100, 100, 100, 100, 22, 100, 100, 100, 1, 100, 100, 9, 100, 60, 4, 3, 1, 9, 1, 1, 66, 4, 72, 11, 5, 57, 100, 2, 1, 1, 26, 1, 15, 2, 1, 1, 1, 1, 1, 1, 1, 1, 1]","{'gaussian_noise:0.001': 1, 'gaussian_noise:0.0025': 3, 'gaussian_noise:0.004': 5, 'gaussian_noise:0.006': 5, 'finetuning:5': 4, 'finetuning:10': 5, 'finetuning:20': 5, 'finetuning:40': 5}"
raw_logit_l2,ranked,0,2,50,100,"['pool_math_01', 'pool_logic_04']","['pool_math_01', 'pool_logic_04']",38,0,0.95,0.0,True,False,"[False, False, False, False, False, False, False, False, False, False, False, False, False, False, False, False, False, False, False, False, True, False, True, True, True, True, True, False, True, True, True, True, True, True, True, True, True, True, True, True, True, True, True, True, True, True, True, True, True, True, True, True, True, True, True, True, True, True, True, True]","[100, 100, 100, 100, 100, 100, 100, 100, 100, 100, 100, 100, 100, 100, 100, 100, 100, 100, 100, 100, 50, 100, 1, 50, 50, 1, 25, 100, 50, 50, 50, 1, 3, 50, 50, 50, 9, 50, 50, 1, 50, 100, 50, 100, 50, 50, 50, 50, 5, 50, 50, 50, 7, 50, 50, 50, 50, 50, 38, 50]","{'gaussian_noise:0.001': 4, 'gaussian_noise:0.0025': 4, 'gaussian_noise:0.004': 5, 'gaussian_noise:0.006': 5, 'finetuning:5': 5, 'finetuning:10': 5, 'finetuning:20': 5, 'finetuning:40': 5}"
ordinary,ranked,0,2,100,200,"['pool_math_01', 'pool_logic_02']","['pool_math_01', 'pool_logic_02']",39,0,0.975,0.0,True,False,"[False, False, False, False, False, False, False, False, False, False, False, False, False, False, False, False, False, False, False, False, True, True, True, True, True, True, True, True, True, True, True, True, True, True, True, True, True, True, True, True, True, True, True, False, True, True, True, True, True, True, True, True, True, True, True, True, True, True, True, True]","[200, 200, 200, 200, 200, 200, 200, 200, 200, 200, 200, 200, 200, 200, 200, 200, 200, 200, 200, 200, 100, 100, 1, 100, 100, 1, 25, 100, 100, 100, 100, 1, 3, 100, 100, 100, 9, 100, 100, 1, 100, 100, 100, 200, 100, 100, 100, 100, 5, 100, 100, 100, 7, 100, 100, 100, 100, 100, 38, 100]","{'gaussian_noise:0.001': 5, 'gaussian_noise:0.0025': 5, 'gaussian_noise:0.004': 5, 'gaussian_noise:0.006': 5, 'finetuning:5': 4, 'finetuning:10': 5, 'finetuning:20': 5, 'finetuning:40': 5}"
js,ranked,0,2,100,200,"['pool_extract_00', 'pool_extract_01']","['s_22bc8ba6beb0cbeb', 's_ca6e6de6f0521a05']",40,0,1.0,0.0,True,True,"[False, False, False, False, False, False, False, False, False, False, False, False, False, False, False, False, False, False, False, False, True, True, True, True, True, True, True, True, True, True, True, True, True, True, True, True, True, True, True, True, True, True, True, True, True, True, True, True, True, True, True, True, True, True, True, True, True, True, True, True]","[200, 200, 200, 200, 200, 200, 200, 200, 200, 200, 200, 200, 200, 200, 200, 200, 200, 200, 200, 200, 200, 100, 100, 100, 100, 2, 200, 2, 100, 100, 22, 5, 1, 100, 194, 100, 17, 100, 57, 4, 1, 1, 100, 100, 1, 1, 1, 9, 1, 4, 1, 1, 1, 1, 1, 1, 1, 1, 1, 1]","{'gaussian_noise:0.001': 5, 'gaussian_noise:0.0025': 5, 'gaussian_noise:0.004': 5, 'gaussian_noise:0.006': 5, 'finetuning:5': 5, 'finetuning:10': 5, 'finetuning:20': 5, 'finetuning:40': 5}"
topk_continuous,ranked,0,2,100,200,"['pool_extract_00', 'pool_extract_01']","['s_6893907caa05f8e6', 's_75f0c0053281dcd7']",39,0,0.975,0.0,True,False,"[False, False, False, False, False, False, False, False, False, False, False, False, False, False, False, False, False, False, False, False, True, True, True, False, True, True, True, True, True, True, True, True, True, True, True, True, True, True, True, True, True, True, True, True, True, True, True, True, True, True, True, True, True, True, True, True, True, True, True, True]","[200, 200, 200, 200, 200, 200, 200, 200, 200, 200, 200, 200, 200, 200, 200, 200, 200, 200, 200, 200, 200, 22, 200, 200, 200, 1, 200, 200, 9, 200, 110, 4, 3, 1, 9, 1, 1, 116, 4, 122, 11, 5, 107, 200, 2, 1, 1, 26, 1, 15, 2, 1, 1, 1, 1, 1, 1, 1, 1, 1]","{'gaussian_noise:0.001': 4, 'gaussian_noise:0.0025': 5, 'gaussian_noise:0.004': 5, 'gaussian_noise:0.006': 5, 'finetuning:5': 5, 'finetuning:10': 5, 'finetuning:20': 5, 'finetuning:40': 5}"
raw_logit_l2,ranked,0,2,100,200,"['pool_math_01', 'pool_logic_04']","['pool_math_01', 'pool_logic_04']",40,0,1.0,0.0,True,True,"[False, False, False, False, False, False, False, False, False, False, False, False, False, False, False, False, False, False, False, False, True, True, True, True, True, True, True, True, True, True, True, True, True, True, True, True, True, True, True, True, True, True, True, True, True, True, True, True, True, True, True, True, True, True, True, True, True, True, True, True]","[200, 200, 200, 200, 200, 200, 200, 200, 200, 200, 200, 200, 200, 200, 200, 200, 200, 200, 200, 200, 100, 100, 1, 100, 100, 1, 25, 100, 100, 100, 100, 1, 3, 100, 100, 100, 9, 100, 100, 1, 100, 100, 100, 200, 100, 100, 100, 100, 5, 100, 100, 100, 7, 100, 100, 100, 100, 100, 38, 100]","{'gaussian_noise:0.001': 5, 'gaussian_noise:0.0025': 5, 'gaussian_noise:0.004': 5, 'gaussian_noise:0.006': 5, 'finetuning:5': 5, 'finetuning:10': 5, 'finetuning:20': 5, 'finetuning:40': 5}"
ordinary,ranked,0,5,25,125,"['pool_math_01', 'pool_logic_02', 'pool_logic_04', 'pool_logic_03', 'pool_class_01']","['pool_math_01', 'pool_logic_02', 'pool_logic_04', 'pool_logic_03', 'pool_class_01']",37,1,0.925,0.05,False,False,"[False, False, True, False, False, False, False, False, False, False, False, False, False, False, False, False, False, False, False, False, True, False, True, False, True, True, True, True, True, True, True, True, True, True, True, True, True, True, True, True, True, False, True, True, True, True, True, True, True, True, True, True, True, True, True, True, True, True, True, True]","[125, 125, 25, 125, 125, 125, 125, 125, 125, 125, 125, 125, 125, 125, 125, 125, 125, 125, 125, 125, 25, 125, 1, 125, 25, 1, 25, 100, 100, 25, 25, 1, 3, 25, 25, 25, 9, 25, 100, 1, 25, 125, 100, 75, 25, 25, 25, 25, 5, 25, 25, 25, 7, 25, 25, 25, 25, 25, 25, 25]","{'gaussian_noise:0.001': 3, 'gaussian_noise:0.0025': 5, 'gaussian_noise:0.004': 5, 'gaussian_noise:0.006': 5, 'finetuning:5': 4, 'finetuning:10': 5, 'finetuning:20': 5, 'finetuning:40': 5}"
js,ranked,0,5,25,125,"['pool_extract_00', 'pool_extract_01', 'pool_extract_02', 'pool_extract_03', 'pool_extract_04']","['s_22bc8ba6beb0cbeb', 's_ca6e6de6f0521a05', 's_42d1f3c85c7726a6', 's_619013e448199b74', 's_85fa15b311e36d3f']",34,0,0.85,0.0,False,False,"[False, False, False, False, False, False, False, False, False, False, False, False, False, False, False, False, False, False, False, False, False, False, True, True, False, True, False, True, False, True, True, True, True, True, True, True, True, True, True, True, True, True, True, False, True, True, True, True, True, True, True, True, True, True, True, True, True, True, True, True]","[125, 125, 125, 125, 125, 125, 125, 125, 125, 125, 125, 125, 125, 125, 125, 125, 125, 125, 125, 125, 125, 125, 75, 25, 125, 2, 125, 2, 125, 75, 22, 5, 1, 50, 25, 75, 17, 50, 38, 4, 1, 1, 25, 125, 1, 1, 1, 9, 1, 4, 1, 1, 1, 1, 1, 1, 1, 1, 1, 1]","{'gaussian_noise:0.001': 2, 'gaussian_noise:0.0025': 3, 'gaussian_noise:0.004': 5, 'gaussian_noise:0.006': 5, 'finetuning:5': 4, 'finetuning:10': 5, 'finetuning:20': 5, 'finetuning:40': 5}"
topk_continuous,ranked,0,5,25,125,"['pool_extract_00', 'pool_extract_01', 'pool_extract_04', 'pool_logic_03', 'pool_math_01']","['s_6893907caa05f8e6', 's_75f0c0053281dcd7', 's_8867ee32cc19e23d', 's_ee32ae5b4e44c0c9', 'pool_math_01']",37,1,0.925,0.05,False,False,"[False, False, True, False, False, False, False, False, False, False, False, False, False, False, False, False, False, False, False, False, True, True, True, False, True, True, True, False, True, True, True, True, True, True, True, True, True, True, True, True, True, True, True, False, True, True, True, True, True, True, True, True, True, True, True, True, True, True, True, True]","[125, 125, 125, 125, 125, 125, 125, 125, 125, 125, 125, 125, 125, 125, 125, 125, 125, 125, 125, 125, 125, 22, 101, 125, 125, 1, 78, 125, 9, 125, 35, 4, 3, 1, 9, 1, 1, 41, 4, 47, 11, 5, 32, 125, 2, 1, 1, 28, 1, 15, 2, 1, 1, 1, 1, 1, 1, 1, 1, 1]","{'gaussian_noise:0.001': 4, 'gaussian_noise:0.0025': 4, 'gaussian_noise:0.004': 5, 'gaussian_noise:0.006': 5, 'finetuning:5': 4, 'finetuning:10': 5, 'finetuning:20': 5, 'finetuning:40': 5}"
raw_logit_l2,ranked,0,5,25,125,"['pool_math_01', 'pool_logic_04', 'pool_class_01', 'pool_class_04', 'pool_logic_00']","['pool_math_01', 'pool_logic_04', 'pool_class_01', 's_02c3c0507dca6156', 's_79e7e51bd02757ab']",35,1,0.875,0.05,False,False,"[False, False, True, False, False, False, False, False, False, False, False, False, False, False, False, False, False, False, False, False, True, True, True, False, True, True, True, False, False, True, True, True, True, True, True, True, True, True, False, True, True, False, True, True, True, True, True, True, True, True, True, True, True, True, True, True, True, True, True, True]","[125, 125, 25, 125, 125, 125, 125, 125, 125, 125, 125, 125, 125, 125, 125, 125, 125, 125, 125, 125, 25, 125, 1, 125, 25, 1, 25, 125, 125, 25, 25, 1, 3, 25, 25, 25, 9, 25, 125, 1, 25, 125, 75, 50, 25, 25, 25, 25, 5, 25, 25, 25, 7, 25, 25, 25, 25, 25, 25, 25]","{'gaussian_noise:0.001': 4, 'gaussian_noise:0.0025': 3, 'gaussian_noise:0.004': 5, 'gaussian_noise:0.006': 4, 'finetuning:5': 4, 'finetuning:10': 5, 'finetuning:20': 5, 'finetuning:40': 5}"
ordinary,ranked,0,5,50,250,"['pool_math_01', 'pool_logic_02', 'pool_logic_04', 'pool_logic_03', 'pool_class_01']","['pool_math_01', 'pool_logic_02', 'pool_logic_04', 'pool_logic_03', 'pool_class_01']",39,0,0.975,0.0,True,False,"[False, False, False, False, False, False, False, False, False, False, False, False, False, False, False, False, False, False, False, False, True, False, True, True, True, True, True, True, True, True, True, True, True, True, True, True, True, True, True, True, True, True, True, True, True, True, True, True, True, True, True, True, True, True, True, True, True, True, True, True]","[250, 250, 250, 250, 250, 250, 250, 250, 250, 250, 250, 250, 250, 250, 250, 250, 250, 250, 250, 250, 50, 250, 1, 50, 50, 1, 25, 200, 50, 50, 50, 1, 3, 50, 50, 50, 9, 50, 50, 1, 50, 150, 50, 150, 50, 50, 50, 50, 5, 50, 50, 50, 7, 50, 50, 50, 50, 50, 38, 50]","{'gaussian_noise:0.001': 4, 'gaussian_noise:0.0025': 5, 'gaussian_noise:0.004': 5, 'gaussian_noise:0.006': 5, 'finetuning:5': 5, 'finetuning:10': 5, 'finetuning:20': 5, 'finetuning:40': 5}"
js,ranked,0,5,50,250,"['pool_extract_00', 'pool_extract_01', 'pool_extract_02', 'pool_extract_03', 'pool_extract_04']","['s_22bc8ba6beb0cbeb', 's_ca6e6de6f0521a05', 's_42d1f3c85c7726a6', 's_619013e448199b74', 's_85fa15b311e36d3f']",37,0,0.925,0.0,False,False,"[False, False, False, False, False, False, False, False, False, False, False, False, False, False, False, False, False, False, False, False, False, True, True, True, True, True, False, True, True, True, True, True, True, True, True, True, True, True, True, True, True, True, True, False, True, True, True, True, True, True, True, True, True, True, True, True, True, True, True, True]","[250, 250, 250, 250, 250, 250, 250, 250, 250, 250, 250, 250, 250, 250, 250, 250, 250, 250, 250, 250, 250, 150, 150, 50, 100, 2, 250, 2, 100, 150, 22, 5, 1, 100, 50, 50, 17, 100, 50, 4, 1, 1, 50, 250, 1, 1, 1, 9, 1, 4, 1, 1, 1, 1, 1, 1, 1, 1, 1, 1]","{'gaussian_noise:0.001': 4, 'gaussian_noise:0.0025': 4, 'gaussian_noise:0.004': 5, 'gaussian_noise:0.006': 5, 'finetuning:5': 4, 'finetuning:10': 5, 'finetuning:20': 5, 'finetuning:40': 5}"
topk_continuous,ranked,0,5,50,250,"['pool_extract_00', 'pool_extract_01', 'pool_extract_04', 'pool_logic_03', 'pool_math_01']","['s_6893907caa05f8e6', 's_75f0c0053281dcd7', 's_8867ee32cc19e23d', 's_ee32ae5b4e44c0c9', 'pool_math_01']",39,0,0.975,0.0,True,False,"[False, False, False, False, False, False, False, False, False, False, False, False, False, False, False, False, False, False, False, False, True, True, True, True, True, True, True, True, True, True, True, True, True, True, True, True, True, True, True, True, True, True, True, False, True, True, True, True, True, True, True, True, True, True, True, True, True, True, True, True]","[250, 250, 250, 250, 250, 250, 250, 250, 250, 250, 250, 250, 250, 250, 250, 250, 250, 250, 250, 250, 250, 22, 201, 200, 250, 1, 153, 100, 9, 250, 60, 4, 3, 1, 9, 1, 1, 66, 4, 72, 11, 5, 57, 250, 2, 1, 1, 26, 1, 15, 2, 1, 1, 1, 1, 1, 1, 1, 1, 1]","{'gaussian_noise:0.001': 5, 'gaussian_noise:0.0025': 5, 'gaussian_noise:0.004': 5, 'gaussian_noise:0.006': 5, 'finetuning:5': 4, 'finetuning:10': 5, 'finetuning:20': 5, 'finetuning:40': 5}"
raw_logit_l2,ranked,0,5,50,250,"['pool_math_01', 'pool_logic_04', 'pool_class_01', 'pool_class_04', 'pool_logic_00']","['pool_math_01', 'pool_logic_04', 'pool_class_01', 's_02c3c0507dca6156', 's_79e7e51bd02757ab']",39,0,0.975,0.0,True,False,"[False, False, False, False, False, False, False, False, False, False, False, False, False, False, False, False, False, False, False, False, True, True, True, True, True, True, True, False, True, True, True, True, True, True, True, True, True, True, True, True, True, True, True, True, True, True, True, True, True, True, True, True, True, True, True, True, True, True, True, True]","[250, 250, 250, 250, 250, 250, 250, 250, 250, 250, 250, 250, 250, 250, 250, 250, 250, 250, 250, 250, 50, 200, 1, 50, 50, 1, 25, 250, 50, 50, 50, 1, 3, 50, 50, 50, 9, 50, 50, 1, 50, 100, 50, 100, 50, 50, 50, 50, 5, 50, 50, 50, 7, 50, 50, 50, 50, 50, 38, 50]","{'gaussian_noise:0.001': 5, 'gaussian_noise:0.0025': 4, 'gaussian_noise:0.004': 5, 'gaussian_noise:0.006': 5, 'finetuning:5': 5, 'finetuning:10': 5, 'finetuning:20': 5, 'finetuning:40': 5}"
ordinary,ranked,0,5,100,500,"['pool_math_01', 'pool_logic_02', 'pool_logic_04', 'pool_logic_03', 'pool_class_01']","['pool_math_01', 'pool_logic_02', 'pool_logic_04', 'pool_logic_03', 'pool_class_01']",40,0,1.0,0.0,True,True,"[False, False, False, False, False, False, False, False, False, False, False, False, False, False, False, False, False, False, False, False, True, True, True, True, True, True, True, True, True, True, True, True, True, True, True, True, True, True, True, True, True, True, True, True, True, True, True, True, True, True, True, True, True, True, True, True, True, True, True, True]","[500, 500, 500, 500, 500, 500, 500, 500, 500, 500, 500, 500, 500, 500, 500, 500, 500, 500, 500, 500, 100, 100, 1, 100, 100, 1, 25, 100, 100, 100, 100, 1, 3, 100, 100, 100, 9, 100, 100, 1, 100, 300, 100, 300, 100, 100, 100, 100, 5, 100, 100, 100, 7, 100, 100, 100, 100, 100, 38, 100]","{'gaussian_noise:0.001': 5, 'gaussian_noise:0.0025': 5, 'gaussian_noise:0.004': 5, 'gaussian_noise:0.006': 5, 'finetuning:5': 5, 'finetuning:10': 5, 'finetuning:20': 5, 'finetuning:40': 5}"
js,ranked,0,5,100,500,"['pool_extract_00', 'pool_extract_01', 'pool_extract_02', 'pool_extract_03', 'pool_extract_04']","['s_22bc8ba6beb0cbeb', 's_ca6e6de6f0521a05', 's_42d1f3c85c7726a6', 's_619013e448199b74', 's_85fa15b311e36d3f']",40,0,1.0,0.0,True,True,"[False, False, False, False, False, False, False, False, False, False, False, False, False, False, False, False, False, False, False, False, True, True, True, True, True, True, True, True, True, True, True, True, True, True, True, True, True, True, True, True, True, True, True, True, True, True, True, True, True, True, True, True, True, True, True, True, True, True, True, True]","[500, 500, 500, 500, 500, 500, 500, 500, 500, 500, 500, 500, 500, 500, 500, 500, 500, 500, 500, 500, 200, 100, 100, 100, 100, 2, 300, 2, 100, 100, 22, 5, 1, 100, 194, 100, 17, 100, 57, 4, 1, 1, 100, 100, 1, 1, 1, 9, 1, 4, 1, 1, 1, 1, 1, 1, 1, 1, 1, 1]","{'gaussian_noise:0.001': 5, 'gaussian_noise:0.0025': 5, 'gaussian_noise:0.004': 5, 'gaussian_noise:0.006': 5, 'finetuning:5': 5, 'finetuning:10': 5, 'finetuning:20': 5, 'finetuning:40': 5}"
topk_continuous,ranked,0,5,100,500,"['pool_extract_00', 'pool_extract_01', 'pool_extract_04', 'pool_logic_03', 'pool_math_01']","['s_6893907caa05f8e6', 's_75f0c0053281dcd7', 's_8867ee32cc19e23d', 's_ee32ae5b4e44c0c9', 'pool_math_01']",40,0,1.0,0.0,True,True,"[False, False, False, False, False, False, False, False, False, False, False, False, False, False, False, False, False, False, False, False, True, True, True, True, True, True, True, True, True, True, True, True, True, True, True, True, True, True, True, True, True, True, True, True, True, True, True, True, True, True, True, True, True, True, True, True, True, True, True, True]","[500, 500, 500, 500, 500, 500, 500, 500, 500, 500, 500, 500, 500, 500, 500, 500, 500, 500, 500, 500, 400, 22, 200, 400, 200, 1, 200, 200, 9, 200, 110, 4, 3, 1, 9, 1, 1, 116, 4, 122, 11, 5, 107, 200, 2, 1, 1, 26, 1, 15, 2, 1, 1, 1, 1, 1, 1, 1, 1, 1]","{'gaussian_noise:0.001': 5, 'gaussian_noise:0.0025': 5, 'gaussian_noise:0.004': 5, 'gaussian_noise:0.006': 5, 'finetuning:5': 5, 'finetuning:10': 5, 'finetuning:20': 5, 'finetuning:40': 5}"
raw_logit_l2,ranked,0,5,100,500,"['pool_math_01', 'pool_logic_04', 'pool_class_01', 'pool_class_04', 'pool_logic_00']","['pool_math_01', 'pool_logic_04', 'pool_class_01', 's_02c3c0507dca6156', 's_79e7e51bd02757ab']",40,0,1.0,0.0,True,True,"[False, False, False, False, False, False, False, False, False, False, False, False, False, False, False, False, False, False, False, False, True, True, True, True, True, True, True, True, True, True, True, True, True, True, True, True, True, True, True, True, True, True, True, True, True, True, True, True, True, True, True, True, True, True, True, True, True, True, True, True]","[500, 500, 500, 500, 500, 500, 500, 500, 500, 500, 500, 500, 500, 500, 500, 500, 500, 500, 500, 500, 100, 100, 1, 100, 100, 1, 25, 100, 100, 100, 100, 1, 3, 100, 100, 100, 9, 100, 100, 1, 100, 200, 100, 200, 100, 100, 100, 100, 5, 100, 100, 100, 7, 100, 100, 100, 100, 100, 38, 100]","{'gaussian_noise:0.001': 5, 'gaussian_noise:0.0025': 5, 'gaussian_noise:0.004': 5, 'gaussian_noise:0.006': 5, 'finetuning:5': 5, 'finetuning:10': 5, 'finetuning:20': 5, 'finetuning:40': 5}"
ordinary,ranked,0,10,25,250,"['pool_math_01', 'pool_logic_02', 'pool_logic_04', 'pool_logic_03', 'pool_class_01', 'pool_class_04', 'pool_class_00', 'pool_class_02', 'pool_class_03', 'pool_extract_02']","['pool_math_01', 'pool_logic_02', 'pool_logic_04', 'pool_logic_03', 'pool_class_01', 'pool_class_04', 'pool_class_00', 'pool_class_02', 'pool_class_03', 'pool_extract_02']",36,0,0.9,0.0,False,False,"[False, False, False, False, False, False, False, False, False, False, False, False, False, False, False, False, False, False, False, False, True, False, True, False, False, True, True, True, True, True, True, True, True, True, True, True, True, True, True, True, True, False, True, True, True, True, True, True, True, True, True, True, True, True, True, True, True, True, True, True]","[250, 250, 250, 250, 250, 250, 250, 250, 250, 250, 250, 250, 250, 250, 250, 250, 250, 250, 250, 250, 25, 250, 1, 250, 250, 1, 25, 100, 100, 25, 25, 1, 3, 25, 25, 25, 9, 25, 100, 1, 25, 250, 100, 125, 25, 25, 25, 25, 5, 25, 100, 127, 7, 25, 25, 25, 25, 25, 25, 25]","{'gaussian_noise:0.001': 2, 'gaussian_noise:0.0025': 5, 'gaussian_noise:0.004': 5, 'gaussian_noise:0.006': 5, 'finetuning:5': 4, 'finetuning:10': 5, 'finetuning:20': 5, 'finetuning:40': 5}"
js,ranked,0,10,25,250,"['pool_extract_00', 'pool_extract_01', 'pool_extract_02', 'pool_extract_03', 'pool_extract_04', 'pool_logic_03', 'pool_class_04', 'pool_math_01', 'pool_logic_02', 'pool_logic_04']","['s_22bc8ba6beb0cbeb', 's_ca6e6de6f0521a05', 's_42d1f3c85c7726a6', 's_619013e448199b74', 's_85fa15b311e36d3f', 's_41d582f24d3e77b5', 's_fff24840d2e76f37', 'pool_math_01', 'pool_logic_02', 's_1d42d841c37fad11']",38,0,0.95,0.0,True,False,"[False, False, False, False, False, False, False, False, False, False, False, False, False, False, False, False, False, False, False, False, True, False, True, True, True, True, True, True, True, True, True, True, True, True, True, True, True, True, True, True, True, True, True, False, True, True, True, True, True, True, True, True, True, True, True, True, True, True, True, True]","[250, 250, 250, 250, 250, 250, 250, 250, 250, 250, 250, 250, 250, 250, 250, 250, 250, 250, 250, 250, 132, 250, 75, 129, 141, 2, 137, 2, 131, 75, 22, 5, 1, 75, 136, 75, 17, 50, 38, 4, 1, 1, 25, 250, 1, 1, 1, 9, 1, 4, 1, 1, 1, 1, 1, 1, 1, 1, 1, 1]","{'gaussian_noise:0.001': 4, 'gaussian_noise:0.0025': 5, 'gaussian_noise:0.004': 5, 'gaussian_noise:0.006': 5, 'finetuning:5': 4, 'finetuning:10': 5, 'finetuning:20': 5, 'finetuning:40': 5}"
topk_continuous,ranked,0,10,25,250,"['pool_extract_00', 'pool_extract_01', 'pool_extract_04', 'pool_logic_03', 'pool_math_01', 'pool_logic_04', 'pool_class_04', 'pool_class_01', 'pool_extract_03', 'pool_class_00']","['s_6893907caa05f8e6', 's_75f0c0053281dcd7', 's_8867ee32cc19e23d', 's_ee32ae5b4e44c0c9', 'pool_math_01', 's_cade0fcdad15b997', 's_32c93e33d540ec4c', 'pool_class_01', 's_41a28c44fdc68a14', 'pool_class_00']",38,0,0.95,0.0,True,False,"[False, False, False, False, False, False, False, False, False, False, False, False, False, False, False, False, False, False, False, False, True, True, True, False, True, True, True, False, True, True, True, True, True, True, True, True, True, True, True, True, True, True, True, True, True, True, True, True, True, True, True, True, True, True, True, True, True, True, True, True]","[250, 250, 250, 250, 250, 250, 250, 250, 250, 250, 250, 250, 250, 250, 250, 250, 250, 250, 250, 250, 125, 22, 101, 250, 175, 1, 78, 250, 9, 125, 35, 4, 3, 1, 9, 1, 1, 41, 4, 47, 11, 5, 32, 200, 2, 1, 1, 28, 1, 15, 2, 1, 1, 1, 1, 1, 1, 1, 1, 1]","{'gaussian_noise:0.001': 4, 'gaussian_noise:0.0025': 4, 'gaussian_noise:0.004': 5, 'gaussian_noise:0.006': 5, 'finetuning:5': 5, 'finetuning:10': 5, 'finetuning:20': 5, 'finetuning:40': 5}"
raw_logit_l2,ranked,0,10,25,250,"['pool_math_01', 'pool_logic_04', 'pool_class_01', 'pool_class_04', 'pool_logic_00', 'pool_math_02', 'pool_class_00', 'pool_class_03', 'pool_logic_03', 'pool_class_02']","['pool_math_01', 'pool_logic_04', 'pool_class_01', 's_02c3c0507dca6156', 's_79e7e51bd02757ab', 's_82b535e3ec4249da', 'pool_class_00', 'pool_class_03', 's_40831b5b5e2d65f4', 's_cb43137c51eb60ed']",37,0,0.925,0.0,False,False,"[False, False, False, False, False, False, False, False, False, False, False, False, False, False, False, False, False, False, False, False, True, True, True, True, False, True, True, True, False, True, True, True, True, True, True, True, True, True, False, True, True, True, True, True, True, True, True, True, True, True, True, True, True, True, True, True, True, True, True, True]","[250, 250, 250, 250, 250, 250, 250, 250, 250, 250, 250, 250, 250, 250, 250, 250, 250, 250, 250, 250, 25, 125, 1, 127, 250, 1, 25, 127, 250, 25, 25, 1, 3, 25, 25, 25, 9, 25, 250, 1, 25, 227, 75, 75, 25, 25, 25, 25, 5, 25, 75, 100, 7, 25, 25, 25, 25, 25, 25, 25]","{'gaussian_noise:0.001': 4, 'gaussian_noise:0.0025': 4, 'gaussian_noise:0.004': 5, 'gaussian_noise:0.006': 4, 'finetuning:5': 5, 'finetuning:10': 5, 'finetuning:20': 5, 'finetuning:40': 5}"
ordinary,ranked,0,10,50,500,"['pool_math_01', 'pool_logic_02', 'pool_logic_04', 'pool_logic_03', 'pool_class_01', 'pool_class_04', 'pool_class_00', 'pool_class_02', 'pool_class_03', 'pool_extract_02']","['pool_math_01', 'pool_logic_02', 'pool_logic_04', 'pool_logic_03', 'pool_class_01', 'pool_class_04', 'pool_class_00', 'pool_class_02', 'pool_class_03', 'pool_extract_02']",39,0,0.975,0.0,True,False,"[False, False, False, False, False, False, False, False, False, False, False, False, False, False, False, False, False, False, False, False, True, False, True, True, True, True, True, True, True, True, True, True, True, True, True, True, True, True, True, True, True, True, True, True, True, True, True, True, True, True, True, True, True, True, True, True, True, True, True, True]","[500, 500, 500, 500, 500, 500, 500, 500, 500, 500, 500, 500, 500, 500, 500, 500, 500, 500, 500, 500, 50, 500, 1, 50, 50, 1, 25, 200, 50, 50, 50, 1, 3, 50, 50, 50, 9, 50, 50, 1, 50, 150, 50, 150, 50, 50, 50, 50, 5, 50, 50, 50, 7, 50, 50, 50, 50, 50, 38, 50]","{'gaussian_noise:0.001': 4, 'gaussian_noise:0.0025': 5, 'gaussian_noise:0.004': 5, 'gaussian_noise:0.006': 5, 'finetuning:5': 5, 'finetuning:10': 5, 'finetuning:20': 5, 'finetuning:40': 5}"
js,ranked,0,10,50,500,"['pool_extract_00', 'pool_extract_01', 'pool_extract_02', 'pool_extract_03', 'pool_extract_04', 'pool_logic_03', 'pool_class_04', 'pool_math_01', 'pool_logic_02', 'pool_logic_04']","['s_22bc8ba6beb0cbeb', 's_ca6e6de6f0521a05', 's_42d1f3c85c7726a6', 's_619013e448199b74', 's_85fa15b311e36d3f', 's_41d582f24d3e77b5', 's_fff24840d2e76f37', 'pool_math_01', 'pool_logic_02', 's_1d42d841c37fad11']",39,0,0.975,0.0,True,False,"[False, False, False, False, False, False, False, False, False, False, False, False, False, False, False, False, False, False, False, False, True, True, True, True, True, True, True, True, True, True, True, True, True, True, True, True, True, True, True, True, True, True, True, False, True, True, True, True, True, True, True, True, True, True, True, True, True, True, True, True]","[500, 500, 500, 500, 500, 500, 500, 500, 500, 500, 500, 500, 500, 500, 500, 500, 500, 500, 500, 500, 257, 150, 150, 50, 100, 2, 262, 2, 200, 150, 22, 5, 1, 100, 100, 50, 17, 100, 50, 4, 1, 1, 50, 500, 1, 1, 1, 9, 1, 4, 1, 1, 1, 1, 1, 1, 1, 1, 1, 1]","{'gaussian_noise:0.001': 5, 'gaussian_noise:0.0025': 5, 'gaussian_noise:0.004': 5, 'gaussian_noise:0.006': 5, 'finetuning:5': 4, 'finetuning:10': 5, 'finetuning:20': 5, 'finetuning:40': 5}"
topk_continuous,ranked,0,10,50,500,"['pool_extract_00', 'pool_extract_01', 'pool_extract_04', 'pool_logic_03', 'pool_math_01', 'pool_logic_04', 'pool_class_04', 'pool_class_01', 'pool_extract_03', 'pool_class_00']","['s_6893907caa05f8e6', 's_75f0c0053281dcd7', 's_8867ee32cc19e23d', 's_ee32ae5b4e44c0c9', 'pool_math_01', 's_cade0fcdad15b997', 's_32c93e33d540ec4c', 'pool_class_01', 's_41a28c44fdc68a14', 'pool_class_00']",40,0,1.0,0.0,True,True,"[False, False, False, False, False, False, False, False, False, False, False, False, False, False, False, False, False, False, False, False, True, True, True, True, True, True, True, True, True, True, True, True, True, True, True, True, True, True, True, True, True, True, True, True, True, True, True, True, True, True, True, True, True, True, True, True, True, True, True, True]","[500, 500, 500, 500, 500, 500, 500, 500, 500, 500, 500, 500, 500, 500, 500, 500, 500, 500, 500, 500, 250, 22, 201, 200, 250, 1, 153, 100, 9, 250, 60, 4, 3, 1, 9, 1, 1, 66, 4, 72, 11, 5, 57, 300, 2, 1, 1, 26, 1, 15, 2, 1, 1, 1, 1, 1, 1, 1, 1, 1]","{'gaussian_noise:0.001': 5, 'gaussian_noise:0.0025': 5, 'gaussian_noise:0.004': 5, 'gaussian_noise:0.006': 5, 'finetuning:5': 5, 'finetuning:10': 5, 'finetuning:20': 5, 'finetuning:40': 5}"
raw_logit_l2,ranked,0,10,50,500,"['pool_math_01', 'pool_logic_04', 'pool_class_01', 'pool_class_04', 'pool_logic_00', 'pool_math_02', 'pool_class_00', 'pool_class_03', 'pool_logic_03', 'pool_class_02']","['pool_math_01', 'pool_logic_04', 'pool_class_01', 's_02c3c0507dca6156', 's_79e7e51bd02757ab', 's_82b535e3ec4249da', 'pool_class_00', 'pool_class_03', 's_40831b5b5e2d65f4', 's_cb43137c51eb60ed']",40,0,1.0,0.0,True,True,"[False, False, False, False, False, False, False, False, False, False, False, False, False, False, False, False, False, False, False, False, True, True, True, True, True, True, True, True, True, True, True, True, True, True, True, True, True, True, True, True, True, True, True, True, True, True, True, True, True, True, True, True, True, True, True, True, True, True, True, True]","[500, 500, 500, 500, 500, 500, 500, 500, 500, 500, 500, 500, 500, 500, 500, 500, 500, 500, 500, 500, 50, 250, 1, 50, 50, 1, 25, 252, 50, 50, 50, 1, 3, 50, 50, 50, 9, 50, 50, 1, 50, 100, 50, 100, 50, 50, 50, 50, 5, 50, 50, 50, 7, 50, 50, 50, 50, 50, 38, 50]","{'gaussian_noise:0.001': 5, 'gaussian_noise:0.0025': 5, 'gaussian_noise:0.004': 5, 'gaussian_noise:0.006': 5, 'finetuning:5': 5, 'finetuning:10': 5, 'finetuning:20': 5, 'finetuning:40': 5}"
ordinary,ranked,0,10,100,1000,"['pool_math_01', 'pool_logic_02', 'pool_logic_04', 'pool_logic_03', 'pool_class_01', 'pool_class_04', 'pool_class_00', 'pool_class_02', 'pool_class_03', 'pool_extract_02']","['pool_math_01', 'pool_logic_02', 'pool_logic_04', 'pool_logic_03', 'pool_class_01', 'pool_class_04', 'pool_class_00', 'pool_class_02', 'pool_class_03', 'pool_extract_02']",40,0,1.0,0.0,True,True,"[False, False, False, False, False, False, False, False, False, False, False, False, False, False, False, False, False, False, False, False, True, True, True, True, True, True, True, True, True, True, True, True, True, True, True, True, True, True, True, True, True, True, True, True, True, True, True, True, True, True, True, True, True, True, True, True, True, True, True, True]","[1000, 1000, 1000, 1000, 1000, 1000, 1000, 1000, 1000, 1000, 1000, 1000, 1000, 1000, 1000, 1000, 1000, 1000, 1000, 1000, 100, 100, 1, 100, 100, 1, 25, 100, 100, 100, 100, 1, 3, 100, 100, 100, 9, 100, 100, 1, 100, 300, 100, 300, 100, 100, 100, 100, 5, 100, 100, 100, 7, 100, 100, 100, 100, 100, 38, 100]","{'gaussian_noise:0.001': 5, 'gaussian_noise:0.0025': 5, 'gaussian_noise:0.004': 5, 'gaussian_noise:0.006': 5, 'finetuning:5': 5, 'finetuning:10': 5, 'finetuning:20': 5, 'finetuning:40': 5}"
js,ranked,0,10,100,1000,"['pool_extract_00', 'pool_extract_01', 'pool_extract_02', 'pool_extract_03', 'pool_extract_04', 'pool_logic_03', 'pool_class_04', 'pool_math_01', 'pool_logic_02', 'pool_logic_04']","['s_22bc8ba6beb0cbeb', 's_ca6e6de6f0521a05', 's_42d1f3c85c7726a6', 's_619013e448199b74', 's_85fa15b311e36d3f', 's_41d582f24d3e77b5', 's_fff24840d2e76f37', 'pool_math_01', 'pool_logic_02', 's_1d42d841c37fad11']",40,0,1.0,0.0,True,True,"[False, False, False, False, False, False, False, False, False, False, False, False, False, False, False, False, False, False, False, False, True, True, True, True, True, True, True, True, True, True, True, True, True, True, True, True, True, True, True, True, True, True, True, True, True, True, True, True, True, True, True, True, True, True, True, True, True, True, True, True]","[1000, 1000, 1000, 1000, 1000, 1000, 1000, 1000, 1000, 1000, 1000, 1000, 1000, 1000, 1000, 1000, 1000, 1000, 1000, 1000, 200, 200, 300, 100, 100, 2, 300, 2, 100, 100, 22, 5, 1, 100, 194, 100, 17, 200, 57, 4, 1, 1, 100, 100, 1, 1, 1, 9, 1, 4, 1, 1, 1, 1, 1, 1, 1, 1, 1, 1]","{'gaussian_noise:0.001': 5, 'gaussian_noise:0.0025': 5, 'gaussian_noise:0.004': 5, 'gaussian_noise:0.006': 5, 'finetuning:5': 5, 'finetuning:10': 5, 'finetuning:20': 5, 'finetuning:40': 5}"
topk_continuous,ranked,0,10,100,1000,"['pool_extract_00', 'pool_extract_01', 'pool_extract_04', 'pool_logic_03', 'pool_math_01', 'pool_logic_04', 'pool_class_04', 'pool_class_01', 'pool_extract_03', 'pool_class_00']","['s_6893907caa05f8e6', 's_75f0c0053281dcd7', 's_8867ee32cc19e23d', 's_ee32ae5b4e44c0c9', 'pool_math_01', 's_cade0fcdad15b997', 's_32c93e33d540ec4c', 'pool_class_01', 's_41a28c44fdc68a14', 'pool_class_00']",40,1,1.0,0.05,True,False,"[False, False, False, True, False, False, False, False, False, False, False, False, False, False, False, False, False, False, False, False, True, True, True, True, True, True, True, True, True, True, True, True, True, True, True, True, True, True, True, True, True, True, True, True, True, True, True, True, True, True, True, True, True, True, True, True, True, True, True, True]","[1000, 1000, 1000, 600, 1000, 1000, 1000, 1000, 1000, 1000, 1000, 1000, 1000, 1000, 1000, 1000, 1000, 1000, 1000, 1000, 400, 22, 200, 400, 200, 1, 200, 200, 9, 200, 110, 4, 3, 1, 9, 1, 1, 116, 4, 122, 11, 5, 107, 200, 2, 1, 1, 26, 1, 15, 2, 1, 1, 1, 1, 1, 1, 1, 1, 1]","{'gaussian_noise:0.001': 5, 'gaussian_noise:0.0025': 5, 'gaussian_noise:0.004': 5, 'gaussian_noise:0.006': 5, 'finetuning:5': 5, 'finetuning:10': 5, 'finetuning:20': 5, 'finetuning:40': 5}"
raw_logit_l2,ranked,0,10,100,1000,"['pool_math_01', 'pool_logic_04', 'pool_class_01', 'pool_class_04', 'pool_logic_00', 'pool_math_02', 'pool_class_00', 'pool_class_03', 'pool_logic_03', 'pool_class_02']","['pool_math_01', 'pool_logic_04', 'pool_class_01', 's_02c3c0507dca6156', 's_79e7e51bd02757ab', 's_82b535e3ec4249da', 'pool_class_00', 'pool_class_03', 's_40831b5b5e2d65f4', 's_cb43137c51eb60ed']",40,0,1.0,0.0,True,True,"[False, False, False, False, False, False, False, False, False, False, False, False, False, False, False, False, False, False, False, False, True, True, True, True, True, True, True, True, True, True, True, True, True, True, True, True, True, True, True, True, True, True, True, True, True, True, True, True, True, True, True, True, True, True, True, True, True, True, True, True]","[1000, 1000, 1000, 1000, 1000, 1000, 1000, 1000, 1000, 1000, 1000, 1000, 1000, 1000, 1000, 1000, 1000, 1000, 1000, 1000, 100, 100, 1, 100, 100, 1, 25, 100, 100, 100, 100, 1, 3, 100, 100, 100, 9, 100, 100, 1, 100, 200, 100, 200, 100, 100, 100, 100, 5, 100, 100, 100, 7, 100, 100, 100, 100, 100, 38, 100]","{'gaussian_noise:0.001': 5, 'gaussian_noise:0.0025': 5, 'gaussian_noise:0.004': 5, 'gaussian_noise:0.006': 5, 'finetuning:5': 5, 'finetuning:10': 5, 'finetuning:20': 5, 'finetuning:40': 5}"
ordinary,ranked,0,20,25,500,"['pool_math_01', 'pool_logic_02', 'pool_logic_04', 'pool_logic_03', 'pool_class_01', 'pool_class_04', 'pool_class_00', 'pool_class_02', 'pool_class_03', 'pool_extract_02', 'pool_math_00', 'pool_math_04', 'pool_logic_00', 'pool_math_03', 'pool_extract_00', 'pool_extract_01', 'pool_extract_03', 'pool_extract_04', 'pool_logic_01', 'pool_math_02']","['pool_math_01', 'pool_logic_02', 'pool_logic_04', 'pool_logic_03', 'pool_class_01', 'pool_class_04', 'pool_class_00', 'pool_class_02', 'pool_class_03', 'pool_extract_02', 'pool_math_00', 'pool_math_04', 'pool_logic_00', 'pool_math_03', 'pool_extract_00', 'pool_extract_01', 'pool_extract_03', 'pool_extract_04', 'pool_logic_01', 'pool_math_02']",38,0,0.95,0.0,True,False,"[False, False, False, False, False, False, False, False, False, False, False, False, False, False, False, False, False, False, False, False, True, True, True, False, True, True, True, True, True, True, True, True, True, True, True, True, True, True, True, True, True, False, True, True, True, True, True, True, True, True, True, True, True, True, True, True, True, True, True, True]","[500, 500, 500, 500, 500, 500, 500, 500, 500, 500, 500, 500, 500, 500, 500, 500, 500, 500, 500, 500, 50, 300, 1, 500, 300, 1, 25, 100, 100, 25, 25, 1, 3, 25, 25, 25, 9, 25, 100, 1, 25, 500, 100, 125, 25, 25, 25, 25, 5, 25, 100, 127, 7, 25, 25, 25, 25, 25, 25, 25]","{'gaussian_noise:0.001': 4, 'gaussian_noise:0.0025': 5, 'gaussian_noise:0.004': 5, 'gaussian_noise:0.006': 5, 'finetuning:5': 4, 'finetuning:10': 5, 'finetuning:20': 5, 'finetuning:40': 5}"
js,ranked,0,20,25,500,"['pool_extract_00', 'pool_extract_01', 'pool_extract_02', 'pool_extract_03', 'pool_extract_04', 'pool_logic_03', 'pool_class_04', 'pool_math_01', 'pool_logic_02', 'pool_logic_04', 'pool_math_00', 'pool_class_00', 'pool_class_02', 'pool_class_03', 'pool_class_01', 'pool_logic_01', 'pool_math_02', 'pool_logic_00', 'pool_math_03', 'pool_math_04']","['s_22bc8ba6beb0cbeb', 's_ca6e6de6f0521a05', 's_42d1f3c85c7726a6', 's_619013e448199b74', 's_85fa15b311e36d3f', 's_41d582f24d3e77b5', 's_fff24840d2e76f37', 'pool_math_01', 'pool_logic_02', 's_1d42d841c37fad11', 's_f3901777ecf825ee', 'pool_class_00', 'pool_class_02', 'pool_class_03', 's_2e649bbf78378e21', 's_bb7b1c52bd40c6f7', 's_41c6ae0087d7bcde', 's_80913b4e807a5c4a', 's_ac034f3fc9432ff9', 'pool_math_04']",39,0,0.975,0.0,True,False,"[False, False, False, False, False, False, False, False, False, False, False, False, False, False, False, False, False, False, False, False, True, True, True, True, True, True, True, True, True, True, True, True, True, True, True, True, True, True, True, True, True, True, True, False, True, True, True, True, True, True, True, True, True, True, True, True, True, True, True, True]","[500, 500, 500, 500, 500, 500, 500, 500, 500, 500, 500, 500, 500, 500, 500, 500, 500, 500, 500, 500, 132, 450, 75, 129, 141, 2, 137, 2, 131, 75, 22, 5, 1, 75, 136, 75, 17, 75, 38, 4, 1, 1, 29, 500, 1, 1, 1, 9, 1, 4, 1, 1, 1, 1, 1, 1, 1, 1, 1, 1]","{'gaussian_noise:0.001': 5, 'gaussian_noise:0.0025': 5, 'gaussian_noise:0.004': 5, 'gaussian_noise:0.006': 5, 'finetuning:5': 4, 'finetuning:10': 5, 'finetuning:20': 5, 'finetuning:40': 5}"
topk_continuous,ranked,0,20,25,500,"['pool_extract_00', 'pool_extract_01', 'pool_extract_04', 'pool_logic_03', 'pool_math_01', 'pool_logic_04', 'pool_class_04', 'pool_class_01', 'pool_extract_03', 'pool_class_00', 'pool_class_02', 'pool_class_03', 'pool_logic_01', 'pool_logic_00', 'pool_extract_02', 'pool_math_02', 'pool_logic_02', 'pool_math_00', 'pool_math_04', 'pool_math_03']","['s_6893907caa05f8e6', 's_75f0c0053281dcd7', 's_8867ee32cc19e23d', 's_ee32ae5b4e44c0c9', 'pool_math_01', 's_cade0fcdad15b997', 's_32c93e33d540ec4c', 'pool_class_01', 's_41a28c44fdc68a14', 'pool_class_00', 's_7bc1abb61b475c40', 'pool_class_03', 's_ef7c284dfc1df8f4', 's_40431d7b9283091b', 's_0c4cf7a64200d449', 's_df814ee28f83a9af', 's_ff5c033b563ab47c', 's_0fe59b1d6b5e35e6', 'pool_math_04', 's_6654639df77cb009']",40,0,1.0,0.0,True,True,"[False, False, False, False, False, False, False, False, False, False, False, False, False, False, False, False, False, False, False, False, True, True, True, True, True, True, True, True, True, True, True, True, True, True, True, True, True, True, True, True, True, True, True, True, True, True, True, True, True, True, True, True, True, True, True, True, True, True, True, True]","[500, 500, 500, 500, 500, 500, 500, 500, 500, 500, 500, 500, 500, 500, 500, 500, 500, 500, 500, 500, 475, 22, 101, 333, 175, 1, 78, 411, 9, 125, 35, 4, 3, 1, 9, 1, 1, 41, 4, 47, 11, 5, 32, 200, 2, 1, 1, 28, 1, 15, 2, 1, 1, 1, 1, 1, 1, 1, 1, 1]","{'gaussian_noise:0.001': 5, 'gaussian_noise:0.0025': 5, 'gaussian_noise:0.004': 5, 'gaussian_noise:0.006': 5, 'finetuning:5': 5, 'finetuning:10': 5, 'finetuning:20': 5, 'finetuning:40': 5}"
raw_logit_l2,ranked,0,20,25,500,"['pool_math_01', 'pool_logic_04', 'pool_class_01', 'pool_class_04', 'pool_logic_00', 'pool_math_02', 'pool_class_00', 'pool_class_03', 'pool_logic_03', 'pool_class_02', 'pool_logic_02', 'pool_math_00', 'pool_math_04', 'pool_math_03', 'pool_extract_00', 'pool_extract_01', 'pool_extract_02', 'pool_extract_03', 'pool_extract_04', 'pool_logic_01']","['pool_math_01', 'pool_logic_04', 'pool_class_01', 's_02c3c0507dca6156', 's_79e7e51bd02757ab', 's_82b535e3ec4249da', 'pool_class_00', 'pool_class_03', 's_40831b5b5e2d65f4', 's_cb43137c51eb60ed', 's_cebca19f847f764f', 'pool_math_00', 'pool_math_04', 'pool_math_03', 'pool_extract_00', 'pool_extract_01', 's_73b2cf37def8cfd4', 'pool_extract_03', 'pool_extract_04', 'pool_logic_01']",39,0,0.975,0.0,True,False,"[False, False, False, False, False, False, False, False, False, False, False, False, False, False, False, False, False, False, False, False, True, True, True, True, True, True, True, True, False, True, True, True, True, True, True, True, True, True, True, True, True, True, True, True, True, True, True, True, True, True, True, True, True, True, True, True, True, True, True, True]","[500, 500, 500, 500, 500, 500, 500, 500, 500, 500, 500, 500, 500, 500, 500, 500, 500, 500, 500, 500, 325, 125, 1, 127, 325, 1, 25, 127, 500, 25, 25, 1, 3, 25, 25, 25, 9, 25, 326, 1, 25, 227, 75, 75, 25, 25, 25, 25, 5, 25, 75, 100, 7, 25, 25, 25, 25, 25, 25, 25]","{'gaussian_noise:0.001': 5, 'gaussian_noise:0.0025': 4, 'gaussian_noise:0.004': 5, 'gaussian_noise:0.006': 5, 'finetuning:5': 5, 'finetuning:10': 5, 'finetuning:20': 5, 'finetuning:40': 5}"
ordinary,ranked,0,20,50,1000,"['pool_math_01', 'pool_logic_02', 'pool_logic_04', 'pool_logic_03', 'pool_class_01', 'pool_class_04', 'pool_class_00', 'pool_class_02', 'pool_class_03', 'pool_extract_02', 'pool_math_00', 'pool_math_04', 'pool_logic_00', 'pool_math_03', 'pool_extract_00', 'pool_extract_01', 'pool_extract_03', 'pool_extract_04', 'pool_logic_01', 'pool_math_02']","['pool_math_01', 'pool_logic_02', 'pool_logic_04', 'pool_logic_03', 'pool_class_01', 'pool_class_04', 'pool_class_00', 'pool_class_02', 'pool_class_03', 'pool_extract_02', 'pool_math_00', 'pool_math_04', 'pool_logic_00', 'pool_math_03', 'pool_extract_00', 'pool_extract_01', 'pool_extract_03', 'pool_extract_04', 'pool_logic_01', 'pool_math_02']",40,0,1.0,0.0,True,True,"[False, False, False, False, False, False, False, False, False, False, False, False, False, False, False, False, False, False, False, False, True, True, True, True, True, True, True, True, True, True, True, True, True, True, True, True, True, True, True, True, True, True, True, True, True, True, True, True, True, True, True, True, True, True, True, True, True, True, True, True]","[1000, 1000, 1000, 1000, 1000, 1000, 1000, 1000, 1000, 1000, 1000, 1000, 1000, 1000, 1000, 1000, 1000, 1000, 1000, 1000, 50, 600, 1, 50, 50, 1, 25, 200, 200, 50, 50, 1, 3, 50, 50, 50, 9, 50, 50, 1, 50, 150, 50, 150, 50, 50, 50, 50, 5, 50, 50, 50, 7, 50, 50, 50, 50, 50, 38, 50]","{'gaussian_noise:0.001': 5, 'gaussian_noise:0.0025': 5, 'gaussian_noise:0.004': 5, 'gaussian_noise:0.006': 5, 'finetuning:5': 5, 'finetuning:10': 5, 'finetuning:20': 5, 'finetuning:40': 5}"
js,ranked,0,20,50,1000,"['pool_extract_00', 'pool_extract_01', 'pool_extract_02', 'pool_extract_03', 'pool_extract_04', 'pool_logic_03', 'pool_class_04', 'pool_math_01', 'pool_logic_02', 'pool_logic_04', 'pool_math_00', 'pool_class_00', 'pool_class_02', 'pool_class_03', 'pool_class_01', 'pool_logic_01', 'pool_math_02', 'pool_logic_00', 'pool_math_03', 'pool_math_04']","['s_22bc8ba6beb0cbeb', 's_ca6e6de6f0521a05', 's_42d1f3c85c7726a6', 's_619013e448199b74', 's_85fa15b311e36d3f', 's_41d582f24d3e77b5', 's_fff24840d2e76f37', 'pool_math_01', 'pool_logic_02', 's_1d42d841c37fad11', 's_f3901777ecf825ee', 'pool_class_00', 'pool_class_02', 'pool_class_03', 's_2e649bbf78378e21', 's_bb7b1c52bd40c6f7', 's_41c6ae0087d7bcde', 's_80913b4e807a5c4a', 's_ac034f3fc9432ff9', 'pool_math_04']",40,0,1.0,0.0,True,True,"[False, False, False, False, False, False, False, False, False, False, False, False, False, False, False, False, False, False, False, False, True, True, True, True, True, True, True, True, True, True, True, True, True, True, True, True, True, True, True, True, True, True, True, True, True, True, True, True, True, True, True, True, True, True, True, True, True, True, True, True]","[1000, 1000, 1000, 1000, 1000, 1000, 1000, 1000, 1000, 1000, 1000, 1000, 1000, 1000, 1000, 1000, 1000, 1000, 1000, 1000, 257, 150, 150, 50, 100, 2, 262, 2, 200, 150, 22, 5, 1, 100, 100, 150, 17, 100, 50, 4, 1, 1, 50, 950, 1, 1, 1, 9, 1, 4, 1, 1, 1, 1, 1, 1, 1, 1, 1, 1]","{'gaussian_noise:0.001': 5, 'gaussian_noise:0.0025': 5, 'gaussian_noise:0.004': 5, 'gaussian_noise:0.006': 5, 'finetuning:5': 5, 'finetuning:10': 5, 'finetuning:20': 5, 'finetuning:40': 5}"
topk_continuous,ranked,0,20,50,1000,"['pool_extract_00', 'pool_extract_01', 'pool_extract_04', 'pool_logic_03', 'pool_math_01', 'pool_logic_04', 'pool_class_04', 'pool_class_01', 'pool_extract_03', 'pool_class_00', 'pool_class_02', 'pool_class_03', 'pool_logic_01', 'pool_logic_00', 'pool_extract_02', 'pool_math_02', 'pool_logic_02', 'pool_math_00', 'pool_math_04', 'pool_math_03']","['s_6893907caa05f8e6', 's_75f0c0053281dcd7', 's_8867ee32cc19e23d', 's_ee32ae5b4e44c0c9', 'pool_math_01', 's_cade0fcdad15b997', 's_32c93e33d540ec4c', 'pool_class_01', 's_41a28c44fdc68a14', 'pool_class_00', 's_7bc1abb61b475c40', 'pool_class_03', 's_ef7c284dfc1df8f4', 's_40431d7b9283091b', 's_0c4cf7a64200d449', 's_df814ee28f83a9af', 's_ff5c033b563ab47c', 's_0fe59b1d6b5e35e6', 'pool_math_04', 's_6654639df77cb009']",39,0,0.975,0.0,True,False,"[False, False, False, False, False, False, False, False, False, False, False, False, False, False, False, False, False, False, False, False, True, True, True, True, True, True, True, True, True, True, True, True, True, True, True, True, True, True, True, True, True, True, True, False, True, True, True, True, True, True, True, True, True, True, True, True, True, True, True, True]","[1000, 1000, 1000, 1000, 1000, 1000, 1000, 1000, 1000, 1000, 1000, 1000, 1000, 1000, 1000, 1000, 1000, 1000, 1000, 1000, 250, 22, 201, 200, 250, 1, 153, 100, 9, 250, 60, 4, 3, 1, 9, 1, 1, 66, 4, 72, 11, 5, 57, 1000, 2, 1, 1, 26, 1, 15, 2, 1, 1, 1, 1, 1, 1, 1, 1, 1]","{'gaussian_noise:0.001': 5, 'gaussian_noise:0.0025': 5, 'gaussian_noise:0.004': 5, 'gaussian_noise:0.006': 5, 'finetuning:5': 4, 'finetuning:10': 5, 'finetuning:20': 5, 'finetuning:40': 5}"
raw_logit_l2,ranked,0,20,50,1000,"['pool_math_01', 'pool_logic_04', 'pool_class_01', 'pool_class_04', 'pool_logic_00', 'pool_math_02', 'pool_class_00', 'pool_class_03', 'pool_logic_03', 'pool_class_02', 'pool_logic_02', 'pool_math_00', 'pool_math_04', 'pool_math_03', 'pool_extract_00', 'pool_extract_01', 'pool_extract_02', 'pool_extract_03', 'pool_extract_04', 'pool_logic_01']","['pool_math_01', 'pool_logic_04', 'pool_class_01', 's_02c3c0507dca6156', 's_79e7e51bd02757ab', 's_82b535e3ec4249da', 'pool_class_00', 'pool_class_03', 's_40831b5b5e2d65f4', 's_cb43137c51eb60ed', 's_cebca19f847f764f', 'pool_math_00', 'pool_math_04', 'pool_math_03', 'pool_extract_00', 'pool_extract_01', 's_73b2cf37def8cfd4', 'pool_extract_03', 'pool_extract_04', 'pool_logic_01']",39,0,0.975,0.0,True,False,"[False, False, False, False, False, False, False, False, False, False, False, False, False, False, False, False, False, False, False, False, True, True, True, True, True, True, True, True, False, True, True, True, True, True, True, True, True, True, True, True, True, True, True, True, True, True, True, True, True, True, True, True, True, True, True, True, True, True, True, True]","[1000, 1000, 1000, 1000, 1000, 1000, 1000, 1000, 1000, 1000, 1000, 1000, 1000, 1000, 1000, 1000, 1000, 1000, 1000, 1000, 50, 250, 1, 50, 50, 1, 25, 252, 1000, 50, 50, 1, 3, 50, 50, 50, 9, 50, 50, 1, 50, 100, 50, 100, 50, 50, 50, 50, 5, 50, 50, 50, 7, 50, 50, 50, 50, 50, 38, 50]","{'gaussian_noise:0.001': 5, 'gaussian_noise:0.0025': 4, 'gaussian_noise:0.004': 5, 'gaussian_noise:0.006': 5, 'finetuning:5': 5, 'finetuning:10': 5, 'finetuning:20': 5, 'finetuning:40': 5}"
ordinary,ranked,0,20,100,2000,"['pool_math_01', 'pool_logic_02', 'pool_logic_04', 'pool_logic_03', 'pool_class_01', 'pool_class_04', 'pool_class_00', 'pool_class_02', 'pool_class_03', 'pool_extract_02', 'pool_math_00', 'pool_math_04', 'pool_logic_00', 'pool_math_03', 'pool_extract_00', 'pool_extract_01', 'pool_extract_03', 'pool_extract_04', 'pool_logic_01', 'pool_math_02']","['pool_math_01', 'pool_logic_02', 'pool_logic_04', 'pool_logic_03', 'pool_class_01', 'pool_class_04', 'pool_class_00', 'pool_class_02', 'pool_class_03', 'pool_extract_02', 'pool_math_00', 'pool_math_04', 'pool_logic_00', 'pool_math_03', 'pool_extract_00', 'pool_extract_01', 'pool_extract_03', 'pool_extract_04', 'pool_logic_01', 'pool_math_02']",40,0,1.0,0.0,True,True,"[False, False, False, False, False, False, False, False, False, False, False, False, False, False, False, False, False, False, False, False, True, True, True, True, True, True, True, True, True, True, True, True, True, True, True, True, True, True, True, True, True, True, True, True, True, True, True, True, True, True, True, True, True, True, True, True, True, True, True, True]","[2000, 2000, 2000, 2000, 2000, 2000, 2000, 2000, 2000, 2000, 2000, 2000, 2000, 2000, 2000, 2000, 2000, 2000, 2000, 2000, 100, 100, 1, 100, 100, 1, 25, 100, 100, 100, 100, 1, 3, 100, 100, 100, 9, 100, 100, 1, 100, 300, 100, 300, 100, 100, 100, 100, 5, 100, 100, 100, 7, 100, 100, 100, 100, 100, 38, 100]","{'gaussian_noise:0.001': 5, 'gaussian_noise:0.0025': 5, 'gaussian_noise:0.004': 5, 'gaussian_noise:0.006': 5, 'finetuning:5': 5, 'finetuning:10': 5, 'finetuning:20': 5, 'finetuning:40': 5}"
js,ranked,0,20,100,2000,"['pool_extract_00', 'pool_extract_01', 'pool_extract_02', 'pool_extract_03', 'pool_extract_04', 'pool_logic_03', 'pool_class_04', 'pool_math_01', 'pool_logic_02', 'pool_logic_04', 'pool_math_00', 'pool_class_00', 'pool_class_02', 'pool_class_03', 'pool_class_01', 'pool_logic_01', 'pool_math_02', 'pool_logic_00', 'pool_math_03', 'pool_math_04']","['s_22bc8ba6beb0cbeb', 's_ca6e6de6f0521a05', 's_42d1f3c85c7726a6', 's_619013e448199b74', 's_85fa15b311e36d3f', 's_41d582f24d3e77b5', 's_fff24840d2e76f37', 'pool_math_01', 'pool_logic_02', 's_1d42d841c37fad11', 's_f3901777ecf825ee', 'pool_class_00', 'pool_class_02', 'pool_class_03', 's_2e649bbf78378e21', 's_bb7b1c52bd40c6f7', 's_41c6ae0087d7bcde', 's_80913b4e807a5c4a', 's_ac034f3fc9432ff9', 'pool_math_04']",40,0,1.0,0.0,True,True,"[False, False, False, False, False, False, False, False, False, False, False, False, False, False, False, False, False, False, False, False, True, True, True, True, True, True, True, True, True, True, True, True, True, True, True, True, True, True, True, True, True, True, True, True, True, True, True, True, True, True, True, True, True, True, True, True, True, True, True, True]","[2000, 2000, 2000, 2000, 2000, 2000, 2000, 2000, 2000, 2000, 2000, 2000, 2000, 2000, 2000, 2000, 2000, 2000, 2000, 2000, 200, 200, 300, 100, 100, 2, 300, 2, 100, 100, 22, 5, 1, 100, 194, 100, 17, 200, 57, 4, 1, 1, 100, 100, 1, 1, 1, 9, 1, 4, 1, 1, 1, 1, 1, 1, 1, 1, 1, 1]","{'gaussian_noise:0.001': 5, 'gaussian_noise:0.0025': 5, 'gaussian_noise:0.004': 5, 'gaussian_noise:0.006': 5, 'finetuning:5': 5, 'finetuning:10': 5, 'finetuning:20': 5, 'finetuning:40': 5}"
topk_continuous,ranked,0,20,100,2000,"['pool_extract_00', 'pool_extract_01', 'pool_extract_04', 'pool_logic_03', 'pool_math_01', 'pool_logic_04', 'pool_class_04', 'pool_class_01', 'pool_extract_03', 'pool_class_00', 'pool_class_02', 'pool_class_03', 'pool_logic_01', 'pool_logic_00', 'pool_extract_02', 'pool_math_02', 'pool_logic_02', 'pool_math_00', 'pool_math_04', 'pool_math_03']","['s_6893907caa05f8e6', 's_75f0c0053281dcd7', 's_8867ee32cc19e23d', 's_ee32ae5b4e44c0c9', 'pool_math_01', 's_cade0fcdad15b997', 's_32c93e33d540ec4c', 'pool_class_01', 's_41a28c44fdc68a14', 'pool_class_00', 's_7bc1abb61b475c40', 'pool_class_03', 's_ef7c284dfc1df8f4', 's_40431d7b9283091b', 's_0c4cf7a64200d449', 's_df814ee28f83a9af', 's_ff5c033b563ab47c', 's_0fe59b1d6b5e35e6', 'pool_math_04', 's_6654639df77cb009']",40,1,1.0,0.05,True,False,"[False, False, False, True, False, False, False, False, False, False, False, False, False, False, False, False, False, False, False, False, True, True, True, True, True, True, True, True, True, True, True, True, True, True, True, True, True, True, True, True, True, True, True, True, True, True, True, True, True, True, True, True, True, True, True, True, True, True, True, True]","[2000, 2000, 2000, 600, 2000, 2000, 2000, 2000, 2000, 2000, 2000, 2000, 2000, 2000, 2000, 2000, 2000, 2000, 2000, 2000, 400, 22, 200, 400, 200, 1, 200, 200, 9, 400, 110, 4, 3, 1, 9, 1, 1, 116, 4, 122, 11, 5, 107, 200, 2, 1, 1, 26, 1, 15, 2, 1, 1, 1, 1, 1, 1, 1, 1, 1]","{'gaussian_noise:0.001': 5, 'gaussian_noise:0.0025': 5, 'gaussian_noise:0.004': 5, 'gaussian_noise:0.006': 5, 'finetuning:5': 5, 'finetuning:10': 5, 'finetuning:20': 5, 'finetuning:40': 5}"
raw_logit_l2,ranked,0,20,100,2000,"['pool_math_01', 'pool_logic_04', 'pool_class_01', 'pool_class_04', 'pool_logic_00', 'pool_math_02', 'pool_class_00', 'pool_class_03', 'pool_logic_03', 'pool_class_02', 'pool_logic_02', 'pool_math_00', 'pool_math_04', 'pool_math_03', 'pool_extract_00', 'pool_extract_01', 'pool_extract_02', 'pool_extract_03', 'pool_extract_04', 'pool_logic_01']","['pool_math_01', 'pool_logic_04', 'pool_class_01', 's_02c3c0507dca6156', 's_79e7e51bd02757ab', 's_82b535e3ec4249da', 'pool_class_00', 'pool_class_03', 's_40831b5b5e2d65f4', 's_cb43137c51eb60ed', 's_cebca19f847f764f', 'pool_math_00', 'pool_math_04', 'pool_math_03', 'pool_extract_00', 'pool_extract_01', 's_73b2cf37def8cfd4', 'pool_extract_03', 'pool_extract_04', 'pool_logic_01']",40,0,1.0,0.0,True,True,"[False, False, False, False, False, False, False, False, False, False, False, False, False, False, False, False, False, False, False, False, True, True, True, True, True, True, True, True, True, True, True, True, True, True, True, True, True, True, True, True, True, True, True, True, True, True, True, True, True, True, True, True, True, True, True, True, True, True, True, True]","[2000, 2000, 2000, 2000, 2000, 2000, 2000, 2000, 2000, 2000, 2000, 2000, 2000, 2000, 2000, 2000, 2000, 2000, 2000, 2000, 100, 100, 1, 100, 100, 1, 25, 100, 100, 100, 100, 1, 3, 100, 100, 100, 9, 100, 100, 1, 100, 200, 100, 200, 100, 100, 100, 100, 5, 100, 100, 100, 7, 100, 100, 100, 100, 100, 38, 100]","{'gaussian_noise:0.001': 5, 'gaussian_noise:0.0025': 5, 'gaussian_noise:0.004': 5, 'gaussian_noise:0.006': 5, 'finetuning:5': 5, 'finetuning:10': 5, 'finetuning:20': 5, 'finetuning:40': 5}"
