method,prompts,queries_per_prompt,budget,hits,false_alarms,tpr,fpr,meets_target,matches_observed_baseline
sensitive_ranked,1,10,10,15,0,0.375,0.0,False,False
ordinary_ranked,1,10,10,36,0,0.9,0.0,False,False
sensitive_ranked,1,25,25,24,0,0.6,0.0,False,False
ordinary_ranked,1,25,25,37,0,0.925,0.0,False,False
sensitive_ranked,1,50,50,32,0,0.8,0.0,False,False
ordinary_ranked,1,50,50,38,1,0.95,0.05,True,False
sensitive_ranked,1,100,100,38,0,0.95,0.0,True,False
ordinary_ranked,1,100,100,40,1,1.0,0.05,True,False
sensitive_ranked,2,10,20,30,0,0.75,0.0,False,False
ordinary_ranked,2,10,20,34,0,0.85,0.0,False,False
sensitive_ranked,2,25,50,38,0,0.95,0.0,True,False
ordinary_ranked,2,25,50,38,0,0.95,0.0,True,False
sensitive_ranked,2,50,100,39,0,0.975,0.0,True,False
ordinary_ranked,2,50,100,39,1,0.975,0.05,True,False
sensitive_ranked,2,100,200,40,0,1.0,0.0,True,True
ordinary_ranked,2,100,200,40,1,1.0,0.05,True,False
sensitive_ranked,5,10,50,34,0,0.85,0.0,False,False
ordinary_ranked,5,10,50,36,0,0.9,0.0,False,False
sensitive_ranked,5,25,125,37,0,0.925,0.0,False,False
ordinary_ranked,5,25,125,39,0,0.975,0.0,True,False
sensitive_ranked,5,50,250,40,0,1.0,0.0,True,True
ordinary_ranked,5,50,250,39,0,0.975,0.0,True,False
sensitive_ranked,5,100,500,40,0,1.0,0.0,True,True
ordinary_ranked,5,100,500,40,0,1.0,0.0,True,True
sensitive_ranked,10,10,100,36,0,0.9,0.0,False,False
ordinary_ranked,10,10,100,35,0,0.875,0.0,False,False
sensitive_ranked,10,25,250,40,0,1.0,0.0,True,True
ordinary_ranked,10,25,250,40,0,1.0,0.0,True,True
sensitive_ranked,10,50,500,40,0,1.0,0.0,True,True
ordinary_ranked,10,50,500,40,0,1.0,0.0,True,True
sensitive_ranked,10,100,1000,40,0,1.0,0.0,True,True
ordinary_ranked,10,100,1000,40,0,1.0,0.0,True,True
sensitive_ranked,20,10,200,36,0,0.9,0.0,False,False
ordinary_ranked,20,10,200,35,0,0.875,0.0,False,False
sensitive_ranked,20,25,500,40,0,1.0,0.0,True,True
ordinary_ranked,20,25,500,40,0,1.0,0.0,True,True
sensitive_ranked,20,50,1000,40,0,1.0,0.0,True,True
ordinary_ranked,20,50,1000,40,0,1.0,0.0,True,True
sensitive_ranked,20,100,2000,40,0,1.0,0.0,True,True
ordinary_ranked,20,100,2000,40,0,1.0,0.0,True,True
