source_id,category,n,panel_size,sensitive_hits,original_hits
math_0_1_2,math,25,8,12,1
math_0_1_2,math,50,8,12,1
math_0_1_2,math,80,8,12,1
extraction_1_2_0,extraction,25,8,36,2
extraction_1_2_0,extraction,50,8,37,2
extraction_1_2_0,extraction,80,8,37,2
logic_0_2_0,logic,25,8,32,0
logic_0_2_0,logic,50,8,32,0
logic_0_2_0,logic,80,8,33,0
classification_1_4_2,classification,25,8,23,3
classification_1_4_2,classification,50,8,36,4
classification_1_4_2,classification,80,8,36,4
logic_4_4_1,logic,25,8,3,0
logic_4_4_1,logic,50,8,3,0
logic_4_4_1,logic,80,8,3,0
logic_4_2_2,logic,25,8,26,2
logic_4_2_2,logic,50,8,28,2
logic_4_2_2,logic,80,8,28,2
classification_1_1_2,classification,25,8,28,0
classification_1_1_2,classification,50,8,28,0
classification_1_1_2,classification,80,8,28,0
logic_2_2_2,logic,25,8,24,22
logic_2_2_2,logic,50,8,24,22
logic_2_2_2,logic,80,8,24,22
logic_3_0_2,logic,25,8,28,1
logic_3_0_2,logic,50,8,35,1
logic_3_0_2,logic,80,8,35,1
math_2_2_1,math,25,8,39,17
math_2_2_1,math,50,8,39,17
math_2_2_1,math,80,8,40,17
math_3_3_1,math,25,8,35,0
math_3_3_1,math,50,8,36,0
math_3_3_1,math,80,8,36,0
extraction_0_2_3,extraction,25,8,30,20
extraction_0_2_3,extraction,50,8,38,20
extraction_0_2_3,extraction,80,8,38,20
extraction_3_1_2,extraction,25,8,21,2
extraction_3_1_2,extraction,50,8,22,2
extraction_3_1_2,extraction,80,8,22,2
logic_2_0_2,logic,25,8,35,15
logic_2_0_2,logic,50,8,36,15
logic_2_0_2,logic,80,8,36,15
classification_3_0_3,classification,25,8,23,0
classification_3_0_3,classification,50,8,28,0
classification_3_0_3,classification,80,8,30,0
