method,m,n,budget,sensitive_hits,original_hits,sensitive_false_alarms,original_false_alarms,difference,sensitive_only,original_only,paired_ci,mcnemar_unadjusted,sensitive_wilson,original_wilson
mcc,4,25,100,37,22,0,0,0.375,15,0,"[0.275, 0.45]",6.103515625e-05,"[0.8013576647568946, 0.9741639742254119]","[0.39829091798932054, 0.6929469218909508]"
top_sensitivity,4,25,100,40,17,0,0,0.575,23,0,"[0.5, 0.65]",2.384185791015625e-07,"[0.9123783988027135, 1.0]","[0.28509392559950375, 0.5780493145800892]"
mcc,4,50,200,40,22,0,0,0.45,18,0,"[0.4, 0.5]",7.62939453125e-06,"[0.9123783988027135, 1.0]","[0.39829091798932054, 0.6929469218909508]"
top_sensitivity,4,50,200,40,17,0,0,0.575,23,0,"[0.5, 0.65]",2.384185791015625e-07,"[0.9123783988027135, 1.0]","[0.28509392559950375, 0.5780493145800892]"
mcc,4,80,320,40,22,0,0,0.45,18,0,"[0.4, 0.5]",7.62939453125e-06,"[0.9123783988027135, 1.0]","[0.39829091798932054, 0.6929469218909508]"
top_sensitivity,4,80,320,40,17,0,0,0.575,23,0,"[0.475, 0.65]",2.384185791015625e-07,"[0.9123783988027135, 1.0]","[0.28509392559950375, 0.5780493145800892]"
mcc,8,25,200,40,22,0,0,0.45,18,0,"[0.4, 0.5]",7.62939453125e-06,"[0.9123783988027135, 1.0]","[0.39829091798932054, 0.6929469218909508]"
top_sensitivity,8,25,200,40,19,0,0,0.525,21,0,"[0.425, 0.6]",9.5367431640625e-07,"[0.9123783988027135, 1.0]","[0.329354701126789, 0.6250263789330753]"
mcc,8,50,400,40,22,1,0,0.45,18,0,"[0.4, 0.5]",7.62939453125e-06,"[0.9123783988027135, 1.0]","[0.39829091798932054, 0.6929469218909508]"
top_sensitivity,8,50,400,40,19,0,0,0.525,21,0,"[0.449375, 0.6]",9.5367431640625e-07,"[0.9123783988027135, 1.0]","[0.329354701126789, 0.6250263789330753]"
mcc,8,80,640,40,22,0,0,0.45,18,0,"[0.4, 0.5]",7.62939453125e-06,"[0.9123783988027135, 1.0]","[0.39829091798932054, 0.6929469218909508]"
top_sensitivity,8,80,640,40,19,0,0,0.525,21,0,"[0.425, 0.6]",9.5367431640625e-07,"[0.9123783988027135, 1.0]","[0.329354701126789, 0.6250263789330753]"
