method,m,n,stratum,sensitive_hits,original_hits,total
mcc,4,25,gaussian_noise:0.001,4,0,5
mcc,4,25,gaussian_noise:0.0025,4,0,5
mcc,4,25,gaussian_noise:0.004,4,0,5
mcc,4,25,gaussian_noise:0.006,5,2,5
mcc,4,25,finetuning:5,5,5,5
mcc,4,25,finetuning:10,5,5,5
mcc,4,25,finetuning:20,5,5,5
mcc,4,25,finetuning:40,5,5,5
top_sensitivity,4,25,gaussian_noise:0.001,5,0,5
top_sensitivity,4,25,gaussian_noise:0.0025,5,0,5
top_sensitivity,4,25,gaussian_noise:0.004,5,2,5
top_sensitivity,4,25,gaussian_noise:0.006,5,0,5
top_sensitivity,4,25,finetuning:5,5,1,5
top_sensitivity,4,25,finetuning:10,5,4,5
top_sensitivity,4,25,finetuning:20,5,5,5
top_sensitivity,4,25,finetuning:40,5,5,5
mcc,4,50,gaussian_noise:0.001,5,0,5
mcc,4,50,gaussian_noise:0.0025,5,0,5
mcc,4,50,gaussian_noise:0.004,5,0,5
mcc,4,50,gaussian_noise:0.006,5,2,5
mcc,4,50,finetuning:5,5,5,5
mcc,4,50,finetuning:10,5,5,5
mcc,4,50,finetuning:20,5,5,5
mcc,4,50,finetuning:40,5,5,5
top_sensitivity,4,50,gaussian_noise:0.001,5,0,5
top_sensitivity,4,50,gaussian_noise:0.0025,5,0,5
top_sensitivity,4,50,gaussian_noise:0.004,5,2,5
top_sensitivity,4,50,gaussian_noise:0.006,5,0,5
top_sensitivity,4,50,finetuning:5,5,1,5
top_sensitivity,4,50,finetuning:10,5,4,5
top_sensitivity,4,50,finetuning:20,5,5,5
top_sensitivity,4,50,finetuning:40,5,5,5
mcc,4,80,gaussian_noise:0.001,5,0,5
mcc,4,80,gaussian_noise:0.0025,5,0,5
mcc,4,80,gaussian_noise:0.004,5,0,5
mcc,4,80,gaussian_noise:0.006,5,2,5
mcc,4,80,finetuning:5,5,5,5
mcc,4,80,finetuning:10,5,5,5
mcc,4,80,finetuning:20,5,5,5
mcc,4,80,finetuning:40,5,5,5
top_sensitivity,4,80,gaussian_noise:0.001,5,0,5
top_sensitivity,4,80,gaussian_noise:0.0025,5,0,5
top_sensitivity,4,80,gaussian_noise:0.004,5,2,5
top_sensitivity,4,80,gaussian_noise:0.006,5,0,5
top_sensitivity,4,80,finetuning:5,5,1,5
top_sensitivity,4,80,finetuning:10,5,4,5
top_sensitivity,4,80,finetuning:20,5,5,5
top_sensitivity,4,80,finetuning:40,5,5,5
mcc,8,25,gaussian_noise:0.001,5,0,5
mcc,8,25,gaussian_noise:0.0025,5,0,5
mcc,8,25,gaussian_noise:0.004,5,0,5
mcc,8,25,gaussian_noise:0.006,5,2,5
mcc,8,25,finetuning:5,5,5,5
mcc,8,25,finetuning:10,5,5,5
mcc,8,25,finetuning:20,5,5,5
mcc,8,25,finetuning:40,5,5,5
top_sensitivity,8,25,gaussian_noise:0.001,5,0,5
top_sensitivity,8,25,gaussian_noise:0.0025,5,1,5
top_sensitivity,8,25,gaussian_noise:0.004,5,2,5
top_sensitivity,8,25,gaussian_noise:0.006,5,0,5
top_sensitivity,8,25,finetuning:5,5,1,5
top_sensitivity,8,25,finetuning:10,5,5,5
top_sensitivity,8,25,finetuning:20,5,5,5
top_sensitivity,8,25,finetuning:40,5,5,5
mcc,8,50,gaussian_noise:0.001,5,0,5
mcc,8,50,gaussian_noise:0.0025,5,0,5
mcc,8,50,gaussian_noise:0.004,5,0,5
mcc,8,50,gaussian_noise:0.006,5,2,5
mcc,8,50,finetuning:5,5,5,5
mcc,8,50,finetuning:10,5,5,5
mcc,8,50,finetuning:20,5,5,5
mcc,8,50,finetuning:40,5,5,5
top_sensitivity,8,50,gaussian_noise:0.001,5,0,5
top_sensitivity,8,50,gaussian_noise:0.0025,5,1,5
top_sensitivity,8,50,gaussian_noise:0.004,5,2,5
top_sensitivity,8,50,gaussian_noise:0.006,5,0,5
top_sensitivity,8,50,finetuning:5,5,1,5
top_sensitivity,8,50,finetuning:10,5,5,5
top_sensitivity,8,50,finetuning:20,5,5,5
top_sensitivity,8,50,finetuning:40,5,5,5
mcc,8,80,gaussian_noise:0.001,5,0,5
mcc,8,80,gaussian_noise:0.0025,5,0,5
mcc,8,80,gaussian_noise:0.004,5,0,5
mcc,8,80,gaussian_noise:0.006,5,2,5
mcc,8,80,finetuning:5,5,5,5
mcc,8,80,finetuning:10,5,5,5
mcc,8,80,finetuning:20,5,5,5
mcc,8,80,finetuning:40,5,5,5
top_sensitivity,8,80,gaussian_noise:0.001,5,0,5
top_sensitivity,8,80,gaussian_noise:0.0025,5,1,5
top_sensitivity,8,80,gaussian_noise:0.004,5,2,5
top_sensitivity,8,80,gaussian_noise:0.006,5,0,5
top_sensitivity,8,80,finetuning:5,5,1,5
top_sensitivity,8,80,finetuning:10,5,5,5
top_sensitivity,8,80,finetuning:20,5,5,5
top_sensitivity,8,80,finetuning:40,5,5,5
