source_id,n,macro_hits,joint_hits,delta_hits,macro_fp,joint_fp
pool_logic_00,25,1,17,16,0,0
pool_math_00,25,12,9,-3,0,0
pool_extract_00,25,25,27,2,0,0
pool_class_00,25,19,19,0,0,0
pool_logic_01,25,19,16,-3,0,0
pool_math_01,25,34,34,0,0,0
pool_extract_01,25,23,29,6,0,0
pool_class_01,25,19,19,0,0,0
pool_logic_02,25,15,3,-12,0,0
pool_math_02,25,12,19,7,0,0
pool_extract_02,25,1,1,0,0,0
pool_class_02,25,16,19,3,0,0
pool_logic_03,25,29,29,0,0,0
pool_math_03,25,18,8,-10,0,0
pool_extract_03,25,29,29,0,1,1
pool_class_03,25,21,21,0,0,0
pool_logic_04,25,10,11,1,0,0
pool_math_04,25,20,20,0,0,0
pool_extract_04,25,29,28,-1,0,0
pool_class_04,25,23,23,0,0,0
pool_logic_00,50,5,22,17,0,0
pool_math_00,50,12,9,-3,0,0
pool_extract_00,50,28,29,1,0,0
pool_class_00,50,27,27,0,0,0
pool_logic_01,50,27,26,-1,0,0
pool_math_01,50,36,36,0,0,0
pool_extract_01,50,28,35,7,0,0
pool_class_01,50,29,29,0,0,0
pool_logic_02,50,21,8,-13,0,0
pool_math_02,50,14,24,10,0,0
pool_extract_02,50,2,2,0,0,0
pool_class_02,50,25,27,2,0,0
pool_logic_03,50,31,31,0,0,0
pool_math_03,50,17,8,-9,0,0
pool_extract_03,50,32,32,0,0,0
pool_class_03,50,25,25,0,0,0
pool_logic_04,50,16,11,-5,0,0
pool_math_04,50,21,21,0,0,0
pool_extract_04,50,30,31,1,0,0
pool_class_04,50,29,28,-1,1,0
pool_logic_00,100,12,29,17,0,0
pool_math_00,100,12,9,-3,0,0
pool_extract_00,100,29,36,7,0,0
pool_class_00,100,36,36,0,0,0
pool_logic_01,100,36,29,-7,0,0
pool_math_01,100,37,37,0,0,0
pool_extract_01,100,35,39,4,0,0
pool_class_01,100,33,33,0,0,0
pool_logic_02,100,31,15,-16,0,0
pool_math_02,100,14,28,14,0,1
pool_extract_02,100,36,36,0,0,0
pool_class_02,100,33,34,1,0,0
pool_logic_03,100,35,35,0,0,0
pool_math_03,100,19,8,-11,0,0
pool_extract_03,100,33,33,0,0,0
pool_class_03,100,32,32,0,0,0
pool_logic_04,100,29,21,-8,0,0
pool_math_04,100,21,21,0,0,0
pool_extract_04,100,35,34,-1,0,1
pool_class_04,100,34,39,5,0,0
