group,m,n,budget,subsets,mean_tpr,mean_fpr,tpr_q05_q95,target_fraction,strict_fraction
ordinary,1,25,25,20,0.29625,0.0,"[0.0, 0.7312500000000001]",0.0,0.0
ordinary,1,50,50,20,0.38375000000000004,0.0025,"[0.0, 0.7812500000000001]",0.0,0.0
ordinary,1,100,100,20,0.50125,0.0025,"[0.0, 0.90125]",0.0,0.0
ordinary,2,25,50,100,0.45025000000000015,0.0,"[0.04875000000000001, 0.85125]",0.0,0.0
ordinary,2,50,100,100,0.577,0.0,"[0.07375, 0.925]",0.01,0.0
ordinary,2,100,200,100,0.7232500000000002,0.0055000000000000005,"[0.15, 0.975]",0.18,0.04
ordinary,5,25,125,100,0.70875,0.0,"[0.475, 0.9]",0.02,0.0
ordinary,5,50,250,100,0.85425,0.0,"[0.675, 0.975]",0.3,0.02
ordinary,5,100,500,100,0.9557499999999999,0.0,"[0.85, 1.0]",0.77,0.31
ordinary,10,25,250,100,0.8242499999999998,0.0,"[0.65, 0.925]",0.03,0.0
ordinary,10,50,500,100,0.9504999999999998,0.0,"[0.87375, 1.0]",0.7,0.18
ordinary,10,100,1000,100,0.9975,0.0,"[0.975, 1.0]",1.0,0.9
ordinary,20,25,500,1,0.95,0.0,"[0.95, 0.95]",1.0,0.0
ordinary,20,50,1000,1,1.0,0.0,"[1.0, 1.0]",1.0,1.0
ordinary,20,100,2000,1,1.0,0.0,"[1.0, 1.0]",1.0,1.0
micro_only,1,25,25,20,0.44874999999999987,0.0025,"[0.07375, 0.7312500000000001]",0.0,0.0
micro_only,1,50,50,20,0.5549999999999999,0.005,"[0.09875, 0.8525]",0.0,0.0
micro_only,1,100,100,20,0.6799999999999999,0.0025,"[0.12375, 0.9287500000000001]",0.05,0.05
micro_only,2,25,50,100,0.6359999999999999,0.0,"[0.4475, 0.875]",0.0,0.0
micro_only,2,50,100,100,0.7602499999999999,0.0,"[0.54625, 0.925]",0.03,0.0
micro_only,2,100,200,100,0.8922500000000001,0.0030000000000000005,"[0.74625, 1.0]",0.38,0.06
micro_only,5,25,125,100,0.8172499999999999,0.0,"[0.65, 0.90125]",0.01,0.0
micro_only,5,50,250,100,0.9300000000000002,0.0,"[0.825, 1.0]",0.54,0.09
micro_only,5,100,500,100,0.9857499999999999,0.015,"[0.94875, 1.0]",0.95,0.35
micro_only,10,25,250,100,0.9112500000000003,0.0,"[0.85, 0.95]",0.27,0.0
micro_only,10,50,500,100,0.9769999999999999,0.0,"[0.95, 1.0]",0.96,0.29
micro_only,10,100,1000,100,0.9995,0.0,"[1.0, 1.0]",1.0,0.98
micro_only,20,25,500,1,0.95,0.0,"[0.95, 0.95]",1.0,0.0
micro_only,20,50,1000,1,1.0,0.0,"[1.0, 1.0]",1.0,1.0
micro_only,20,100,2000,1,1.0,0.0,"[1.0, 1.0]",1.0,1.0
macro_only,1,25,25,20,0.4687499999999999,0.0025,"[0.025, 0.7312500000000001]",0.0,0.0
macro_only,1,50,50,20,0.56875,0.0025,"[0.12125000000000001, 0.8050000000000002]",0.0,0.0
macro_only,1,100,100,20,0.7274999999999999,0.0,"[0.3, 0.90125]",0.0,0.0
macro_only,2,25,50,100,0.65475,0.0055000000000000005,"[0.37375, 0.875]",0.0,0.0
macro_only,2,50,100,100,0.7717500000000002,0.0,"[0.525, 0.9512499999999999]",0.07,0.0
macro_only,2,100,200,100,0.90575,0.0,"[0.7975000000000001, 1.0]",0.4,0.09
macro_only,5,25,125,100,0.8555000000000001,0.0,"[0.725, 0.95]",0.14,0.0
macro_only,5,50,250,100,0.9330000000000002,0.0,"[0.825, 1.0]",0.57,0.1
macro_only,5,100,500,100,0.9884999999999999,0.0,"[0.95, 1.0]",0.97,0.7
macro_only,10,25,250,100,0.9435000000000001,0.0,"[0.85, 1.0]",0.61,0.12
macro_only,10,50,500,100,0.9889999999999999,0.0,"[0.95, 1.0]",0.99,0.65
macro_only,10,100,1000,100,0.9997499999999999,0.0,"[1.0, 1.0]",1.0,0.99
macro_only,20,25,500,1,1.0,0.0,"[1.0, 1.0]",1.0,1.0
macro_only,20,50,1000,1,1.0,0.0,"[1.0, 1.0]",1.0,1.0
macro_only,20,100,2000,1,1.0,0.0,"[1.0, 1.0]",1.0,1.0
joint_js,1,25,25,20,0.47624999999999995,0.0025,"[0.0725, 0.7312500000000001]",0.0,0.0
joint_js,1,50,50,20,0.57625,0.0,"[0.19250000000000003, 0.87625]",0.0,0.0
joint_js,1,100,100,20,0.73,0.005,"[0.22375, 0.975]",0.1,0.0
joint_js,2,25,50,100,0.6435,0.0055000000000000005,"[0.3725, 0.875]",0.0,0.0
joint_js,2,50,100,100,0.767,0.0,"[0.3725, 0.975]",0.08,0.02
joint_js,2,100,200,100,0.8957499999999997,0.0,"[0.625, 1.0]",0.42,0.12
joint_js,5,25,125,100,0.81825,0.0,"[0.69875, 0.95]",0.07,0.0
joint_js,5,50,250,100,0.9249999999999998,0.0,"[0.8, 1.0]",0.55,0.12
joint_js,5,100,500,100,0.9790000000000001,0.0,"[0.925, 1.0]",0.91,0.49
joint_js,10,25,250,100,0.9017500000000002,0.0,"[0.825, 0.95]",0.16,0.0
joint_js,10,50,500,100,0.9767499999999998,0.0,"[0.925, 1.0]",0.89,0.45
joint_js,10,100,1000,100,0.99525,0.0,"[0.975, 1.0]",1.0,0.83
joint_js,20,25,500,1,0.95,0.0,"[0.95, 0.95]",1.0,0.0
joint_js,20,50,1000,1,0.975,0.0,"[0.975, 0.975]",1.0,0.0
joint_js,20,100,2000,1,1.0,0.0,"[1.0, 1.0]",1.0,1.0
