method,m,n,query_cap,hits,attack_total,tpr,false_alarms,normal_total,fpr
mcc,4,25,100,37,40,0.925,0,20,0.0
top_sensitivity,4,25,100,40,40,1.0,0,20,0.0
mcc,4,50,200,40,40,1.0,0,20,0.0
top_sensitivity,4,50,200,40,40,1.0,0,20,0.0
mcc,4,80,320,40,40,1.0,0,20,0.0
top_sensitivity,4,80,320,40,40,1.0,0,20,0.0
mcc,8,25,200,40,40,1.0,0,20,0.0
top_sensitivity,8,25,200,40,40,1.0,0,20,0.0
mcc,8,50,400,40,40,1.0,1,20,0.05
top_sensitivity,8,50,400,40,40,1.0,0,20,0.0
mcc,8,80,640,40,40,1.0,0,20,0.0
top_sensitivity,8,80,640,40,40,1.0,0,20,0.0
